drop table Miembro;
drop table Estado;
drop table Amistad;
drop table Grupo;
drop table Persona;

create table Persona (
        pid char(10), 
        nombre char(20), 
        f_nacim date, 
        f_alta date,
	primary key (pid)
        );

create table Grupo (
        gid char(10), 
        nombre char(100),
	primary key (gid)
        );

create table Amistad (
	pid1 char(10),
        pid2 char(10),
	primary key (pid1,pid2),
	foreign key (pid1) references Persona(pid),
	foreign key (pid2) references Persona(pid)
        );

create table Estado (
	pid char(10), 
        f_modif date, 
        estado char(60),
	primary key (pid,f_modif),
	foreign key (pid) references Persona(pid)
        );

create table Miembro (
	pid char(10), 
        gid char(10),
	primary key (pid,gid),
	foreign key (pid) references Persona(pid),
	foreign key (gid) references Grupo(gid)
        );

insert into Persona values ('user0', 'Anthony Davis', '1998-04-24', '2003-11-20');
insert into Persona values ('user1', 'Anthony King', '1977-08-06', '2002-01-04');
insert into Persona values ('user2', 'Barbara Green', '1991-02-26', '2006-03-12');
insert into Persona values ('user3', 'Barbara Martin', '1981-01-19', '2003-06-13');
insert into Persona values ('user4', 'Barbara Wright', '1978-04-19', '2002-01-29');
insert into Persona values ('user5', 'Betty Davis', '1977-12-01', '2002-03-02');
insert into Persona values ('user6', 'Betty Johnson', '1985-09-03', '2003-09-16');
insert into Persona values ('user7', 'Betty Rodriguez', '1969-05-14', '2003-01-24');
insert into Persona values ('user8', 'Brian Gonzalez', '1977-03-23', '2003-09-10');
insert into Persona values ('user9', 'Brian Lewis', '1972-03-23', '2005-10-16');
insert into Persona values ('user10', 'Brian Taylor', '1975-08-16', '2005-05-10');
insert into Persona values ('user11', 'Brian Walker', '1974-11-06', '2006-09-10');
insert into Persona values ('user12', 'Carol Anderson', '1995-06-11', '2005-04-02');
insert into Persona values ('user13', 'Carol Clark', '1992-07-26', '2004-02-14');
insert into Persona values ('user14', 'Carol Davis', '1975-08-10', '2006-06-09');
insert into Persona values ('user15', 'Carol Edwards', '1977-04-29', '2006-10-04');
insert into Persona values ('user16', 'Carol Gonzalez', '1982-10-09', '2006-11-12');
insert into Persona values ('user17', 'Carol Harris', '1988-12-27', '2005-09-07');
insert into Persona values ('user18', 'Carol Moore', '1997-04-19', '2004-11-28');
insert into Persona values ('user19', 'Charles Edwards', '1969-08-23', '2006-07-13');
insert into Persona values ('user20', 'Charles Rodriguez', '1976-09-10', '2003-11-26');
insert into Persona values ('user21', 'Christopher Garcia', '1993-10-20', '2003-05-15');
insert into Persona values ('user22', 'Christopher Lopez', '1970-11-10', '2004-05-06');
insert into Persona values ('user23', 'Christopher Phillips', '1971-03-08', '2005-07-17');
insert into Persona values ('user24', 'Christopher Scott', '1987-01-06', '2006-04-23');
insert into Persona values ('user25', 'Christopher Wright', '1979-05-03', '2003-01-12');
insert into Persona values ('user26', 'Daniel Jackson', '1979-11-28', '2005-06-13');
insert into Persona values ('user27', 'Daniel Nelson', '1976-10-20', '2004-07-30');
insert into Persona values ('user28', 'David Hernandez', '1976-01-28', '2003-12-07');
insert into Persona values ('user29', 'David Perez', '1977-05-27', '2006-04-01');
insert into Persona values ('user30', 'David Phillips', '1978-09-06', '2002-08-01');
insert into Persona values ('user31', 'David Thomas', '1978-08-08', '2005-10-23');
insert into Persona values ('user32', 'Deborah Baker', '1991-04-26', '2002-06-13');
insert into Persona values ('user33', 'Donald Campbell', '1987-02-02', '2005-10-13');
insert into Persona values ('user34', 'Donald Davis', '1996-04-30', '2003-01-29');
insert into Persona values ('user35', 'Donna Collins', '1995-06-29', '2004-11-07');
insert into Persona values ('user36', 'Donna Johnson', '1974-11-10', '2005-10-19');
insert into Persona values ('user37', 'Donna Martinez', '1984-04-28', '2003-10-07');
insert into Persona values ('user38', 'Donna Moore', '1981-12-09', '2003-05-06');
insert into Persona values ('user39', 'Donna Scott', '1993-02-07', '2002-11-11');
insert into Persona values ('user40', 'Donna Smith', '1981-06-04', '2002-04-19');
insert into Persona values ('user41', 'Donna White', '1994-06-19', '2003-10-08');
insert into Persona values ('user42', 'Dorothy King', '1980-06-21', '2002-01-03');
insert into Persona values ('user43', 'Dorothy Phillips', '1973-11-05', '2002-12-14');
insert into Persona values ('user44', 'Dorothy Rodriguez', '1984-07-03', '2002-09-05');
insert into Persona values ('user45', 'Dorothy Wilson', '1986-10-24', '2004-03-21');
insert into Persona values ('user46', 'Edward Davis', '1988-02-03', '2006-08-13');
insert into Persona values ('user47', 'Edward Phillips', '1984-09-08', '2006-07-08');
insert into Persona values ('user48', 'Edward Turner', '1987-02-16', '2004-11-12');
insert into Persona values ('user49', 'George Martinez', '1986-12-10', '2006-11-01');
insert into Persona values ('user50', 'George Turner', '1982-03-04', '2006-08-15');
insert into Persona values ('user51', 'Helen Thompson', '1977-09-26', '2006-04-12');
insert into Persona values ('user52', 'James Evans', '1991-11-03', '2006-03-19');
insert into Persona values ('user53', 'James Garcia', '1970-11-28', '2005-01-10');
insert into Persona values ('user54', 'James Young', '1969-02-17', '2006-09-06');
insert into Persona values ('user55', 'Jason Smith', '1975-09-11', '2004-01-29');
insert into Persona values ('user56', 'Jason Turner', '1991-08-31', '2005-05-27');
insert into Persona values ('user57', 'Jeff Parker', '1982-03-13', '2003-06-15');
insert into Persona values ('user58', 'Jeff White', '1990-10-16', '2005-07-07');
insert into Persona values ('user59', 'Jennifer Smith', '1982-08-07', '2002-10-23');
insert into Persona values ('user60', 'John Garcia', '1971-05-04', '2002-05-24');
insert into Persona values ('user61', 'John Wright', '1990-06-29', '2006-03-09');
insert into Persona values ('user62', 'Joseph Anderson', '1977-04-24', '2006-10-25');
insert into Persona values ('user63', 'Joseph Nelson', '1987-01-11', '2002-12-31');
insert into Persona values ('user64', 'Joseph White', '1975-09-04', '2005-12-26');
insert into Persona values ('user65', 'Karen Garcia', '1978-02-11', '2002-03-05');
insert into Persona values ('user66', 'Karen Mitchell', '1972-01-27', '2004-12-30');
insert into Persona values ('user67', 'Karen Turner', '1992-10-19', '2005-11-10');
insert into Persona values ('user68', 'Kenneth Perez', '1979-07-05', '2004-12-27');
insert into Persona values ('user69', 'Kevin Hill', '1998-01-09', '2002-11-28');
insert into Persona values ('user70', 'Kimberly Johnson', '1971-12-10', '2004-09-24');
insert into Persona values ('user71', 'Laura Clark', '1989-08-30', '2005-11-29');
insert into Persona values ('user72', 'Laura Jackson', '1990-10-25', '2004-12-21');
insert into Persona values ('user73', 'Laura Martinez', '1984-10-05', '2003-07-20');
insert into Persona values ('user74', 'Laura Scott', '1983-04-30', '2004-08-02');
insert into Persona values ('user75', 'Linda Campbell', '1993-11-21', '2002-06-11');
insert into Persona values ('user76', 'Linda Perez', '1986-08-05', '2004-02-17');
insert into Persona values ('user77', 'Linda Young', '1976-07-27', '2004-11-24');
insert into Persona values ('user78', 'Lisa Allen', '1971-12-13', '2006-03-23');
insert into Persona values ('user79', 'Lisa Carter', '1996-04-17', '2005-05-29');
insert into Persona values ('user80', 'Lisa Gonzalez', '1978-02-24', '2002-10-12');
insert into Persona values ('user81', 'Lisa Williams', '1975-06-11', '2004-12-05');
insert into Persona values ('user82', 'Margaret Brown', '1992-03-26', '2006-12-12');
insert into Persona values ('user83', 'Margaret Johnson', '1992-07-24', '2002-08-09');
insert into Persona values ('user84', 'Margaret Thomas', '1970-04-04', '2002-06-08');
insert into Persona values ('user85', 'Maria Baker', '1998-06-07', '2004-10-26');
insert into Persona values ('user86', 'Maria Johnson', '1979-04-20', '2004-07-26');
insert into Persona values ('user87', 'Maria Martin', '1978-05-28', '2006-02-04');
insert into Persona values ('user88', 'Mark Jackson', '1975-12-18', '2006-07-13');
insert into Persona values ('user89', 'Mark Lopez', '1981-09-01', '2005-09-03');
insert into Persona values ('user90', 'Mark Miller', '1983-11-02', '2004-11-06');
insert into Persona values ('user91', 'Mark Perez', '1979-06-17', '2002-05-05');
insert into Persona values ('user92', 'Mary Anderson', '1986-05-28', '2006-04-07');
insert into Persona values ('user93', 'Mary Lee', '1985-06-25', '2003-05-22');
insert into Persona values ('user94', 'Michael Clark', '1988-07-07', '2003-02-05');
insert into Persona values ('user95', 'Michael Hill', '1983-06-26', '2006-06-14');
insert into Persona values ('user96', 'Michael Miller', '1982-06-07', '2006-01-17');
insert into Persona values ('user97', 'Michael White', '1987-04-25', '2005-04-17');
insert into Persona values ('user98', 'Michelle Clark', '1980-12-30', '2002-07-14');
insert into Persona values ('user99', 'Michelle Garcia', '1979-09-04', '2002-07-08');
insert into Persona values ('user100', 'Michelle Jones', '1992-05-12', '2004-08-04');
insert into Persona values ('user101', 'Nancy Jackson', '1995-09-05', '2003-08-24');
insert into Persona values ('user102', 'Nancy Roberts', '1976-11-26', '2003-07-22');
insert into Persona values ('user103', 'Patricia Jackson', '1987-08-27', '2002-12-19');
insert into Persona values ('user104', 'Paul Hall', '1997-11-04', '2003-08-31');
insert into Persona values ('user105', 'Paul Parker', '1996-08-24', '2006-12-20');
insert into Persona values ('user106', 'Richard Robinson', '1993-04-17', '2004-02-07');
insert into Persona values ('user107', 'Robert Campbell', '1996-02-08', '2006-05-05');
insert into Persona values ('user108', 'Robert Evans', '1976-12-16', '2002-12-01');
insert into Persona values ('user109', 'Robert Hernandez', '1971-06-19', '2006-11-23');
insert into Persona values ('user110', 'Robert Perez', '1980-09-19', '2002-08-14');
insert into Persona values ('user111', 'Ronald Evans', '1978-06-18', '2004-01-22');
insert into Persona values ('user112', 'Ronald Scott', '1991-06-27', '2005-06-04');
insert into Persona values ('user113', 'Ruth Martinez', '1991-06-22', '2004-01-06');
insert into Persona values ('user114', 'Ruth Roberts', '1969-04-28', '2006-05-16');
insert into Persona values ('user115', 'Sandra Hernandez', '1980-07-24', '2002-11-17');
insert into Persona values ('user116', 'Sandra Nelson', '1992-11-04', '2004-10-26');
insert into Persona values ('user117', 'Sandra Smith', '1984-05-04', '2002-10-18');
insert into Persona values ('user118', 'Sandra White', '1972-04-26', '2004-03-06');
insert into Persona values ('user119', 'Sarah Adams', '1982-12-14', '2006-04-18');
insert into Persona values ('user120', 'Sarah Collins', '1988-02-22', '2006-02-08');
insert into Persona values ('user121', 'Sarah Jackson', '1972-04-02', '2006-09-21');
insert into Persona values ('user122', 'Sarah Martinez', '1977-03-30', '2003-09-08');
insert into Persona values ('user123', 'Sharon Green', '1997-07-07', '2004-01-21');
insert into Persona values ('user124', 'Sharon Jackson', '1986-01-31', '2003-08-12');
insert into Persona values ('user125', 'Steven Clark', '1971-05-04', '2006-02-02');
insert into Persona values ('user126', 'Steven Smith', '1973-02-05', '2004-11-02');
insert into Persona values ('user127', 'Steven Thomas', '1996-02-02', '2005-05-19');
insert into Persona values ('user128', 'Susan Baker', '1989-04-24', '2005-08-08');
insert into Persona values ('user129', 'Thomas Evans', '1978-03-31', '2002-02-22');
insert into Persona values ('user130', 'Thomas King', '1998-12-21', '2002-03-13');
insert into Persona values ('user131', 'Thomas Martinez', '1995-11-23', '2002-10-11');
insert into Persona values ('user132', 'Thomas Miller', '1977-09-01', '2006-07-23');
insert into Persona values ('user133', 'Thomas Mitchell', '1997-08-14', '2002-07-15');
insert into Persona values ('user134', 'William King', '1997-05-23', '2005-02-14');
insert into Grupo values ('group0', 'Harvard University USA');
insert into Grupo values ('group1', 'University of Oxford UK');
insert into Grupo values ('group2', 'University of Cambridge UK');
insert into Grupo values ('group3', 'Stanford University USA');
insert into Grupo values ('group4', 'Massachusetts Institute of Technology USA');
insert into Grupo values ('group5', 'University of California, Berkeley USA');
insert into Grupo values ('group6', 'California Institute of Technology USA');
insert into Grupo values ('group7', 'Princeton University USA');
insert into Grupo values ('group8', 'Yale University USA');
insert into Grupo values ('group9', 'University of Chicago USA');
insert into Grupo values ('group10', 'Columbia University USA');
insert into Grupo values ('group11', 'University of California, San Diego USA');
insert into Grupo values ('group12', 'Cornell University USA');
insert into Grupo values ('group13', 'University of California, Los Angeles USA');
insert into Grupo values ('group14', 'University Pennsylvania USA');
insert into Grupo values ('group15', 'University of Wisconsin, Madison USA');
insert into Grupo values ('group16', 'University of Washington, Seattle USA');
insert into Grupo values ('group17', 'Tokyo University Japan');
insert into Grupo values ('group18', 'University of California, San Francisco USA');
insert into Grupo values ('group19', 'University of Michigan, Ann Arbor USA');
insert into Grupo values ('group20', 'Kyoto University Japan');
insert into Grupo values ('group21', 'Imperial College London UK');
insert into Grupo values ('group22', 'Johns Hopkins University USA');
insert into Grupo values ('group23', 'University of Toronto Canada');
insert into Grupo values ('group24', 'University College London UK');
insert into Grupo values ('group25', 'University of Illinois, Urbana-Champaign USA');
insert into Grupo values ('group26', 'Swiss Federal Institute of Technology, Zurich Switzerland');
insert into Grupo values ('group27', 'Washington University, St.  Louis USA');
insert into Grupo values ('group28', 'New York University USA');
insert into Grupo values ('group29', 'Duke University USA');
insert into Grupo values ('group30', 'University of Minnesota, Twin Cities USA');
insert into Grupo values ('group31', 'Northwestern University USA');
insert into Grupo values ('group32', 'Rockefeller University USA');
insert into Grupo values ('group33', 'University of Colorado, Boulder USA');
insert into Grupo values ('group34', 'University of California, Santa Barbara USA');
insert into Grupo values ('group35', 'University of British Columbia Canada');
insert into Grupo values ('group36', 'University of Maryland, College Park USA');
insert into Amistad values ('user0', 'user1');
insert into Amistad values ('user1', 'user0');
insert into Amistad values ('user0', 'user2');
insert into Amistad values ('user2', 'user0');
insert into Amistad values ('user0', 'user3');
insert into Amistad values ('user3', 'user0');
insert into Amistad values ('user0', 'user4');
insert into Amistad values ('user4', 'user0');
insert into Amistad values ('user0', 'user5');
insert into Amistad values ('user5', 'user0');
insert into Amistad values ('user0', 'user6');
insert into Amistad values ('user6', 'user0');
insert into Amistad values ('user0', 'user9');
insert into Amistad values ('user9', 'user0');
insert into Amistad values ('user0', 'user12');
insert into Amistad values ('user12', 'user0');
insert into Amistad values ('user0', 'user13');
insert into Amistad values ('user13', 'user0');
insert into Amistad values ('user0', 'user14');
insert into Amistad values ('user14', 'user0');
insert into Amistad values ('user0', 'user16');
insert into Amistad values ('user16', 'user0');
insert into Amistad values ('user0', 'user22');
insert into Amistad values ('user22', 'user0');
insert into Amistad values ('user0', 'user36');
insert into Amistad values ('user36', 'user0');
insert into Amistad values ('user0', 'user40');
insert into Amistad values ('user40', 'user0');
insert into Amistad values ('user0', 'user42');
insert into Amistad values ('user42', 'user0');
insert into Amistad values ('user0', 'user45');
insert into Amistad values ('user45', 'user0');
insert into Amistad values ('user0', 'user91');
insert into Amistad values ('user91', 'user0');
insert into Amistad values ('user0', 'user95');
insert into Amistad values ('user95', 'user0');
insert into Amistad values ('user1', 'user2');
insert into Amistad values ('user2', 'user1');
insert into Amistad values ('user1', 'user3');
insert into Amistad values ('user3', 'user1');
insert into Amistad values ('user1', 'user4');
insert into Amistad values ('user4', 'user1');
insert into Amistad values ('user1', 'user5');
insert into Amistad values ('user5', 'user1');
insert into Amistad values ('user1', 'user6');
insert into Amistad values ('user6', 'user1');
insert into Amistad values ('user1', 'user7');
insert into Amistad values ('user7', 'user1');
insert into Amistad values ('user1', 'user8');
insert into Amistad values ('user8', 'user1');
insert into Amistad values ('user1', 'user14');
insert into Amistad values ('user14', 'user1');
insert into Amistad values ('user1', 'user25');
insert into Amistad values ('user25', 'user1');
insert into Amistad values ('user1', 'user40');
insert into Amistad values ('user40', 'user1');
insert into Amistad values ('user1', 'user42');
insert into Amistad values ('user42', 'user1');
insert into Amistad values ('user1', 'user47');
insert into Amistad values ('user47', 'user1');
insert into Amistad values ('user1', 'user58');
insert into Amistad values ('user58', 'user1');
insert into Amistad values ('user1', 'user89');
insert into Amistad values ('user89', 'user1');
insert into Amistad values ('user1', 'user96');
insert into Amistad values ('user96', 'user1');
insert into Amistad values ('user1', 'user117');
insert into Amistad values ('user117', 'user1');
insert into Amistad values ('user2', 'user3');
insert into Amistad values ('user3', 'user2');
insert into Amistad values ('user2', 'user4');
insert into Amistad values ('user4', 'user2');
insert into Amistad values ('user2', 'user5');
insert into Amistad values ('user5', 'user2');
insert into Amistad values ('user2', 'user6');
insert into Amistad values ('user6', 'user2');
insert into Amistad values ('user2', 'user7');
insert into Amistad values ('user7', 'user2');
insert into Amistad values ('user2', 'user8');
insert into Amistad values ('user8', 'user2');
insert into Amistad values ('user2', 'user10');
insert into Amistad values ('user10', 'user2');
insert into Amistad values ('user2', 'user15');
insert into Amistad values ('user15', 'user2');
insert into Amistad values ('user2', 'user21');
insert into Amistad values ('user21', 'user2');
insert into Amistad values ('user2', 'user23');
insert into Amistad values ('user23', 'user2');
insert into Amistad values ('user2', 'user30');
insert into Amistad values ('user30', 'user2');
insert into Amistad values ('user2', 'user34');
insert into Amistad values ('user34', 'user2');
insert into Amistad values ('user2', 'user38');
insert into Amistad values ('user38', 'user2');
insert into Amistad values ('user2', 'user41');
insert into Amistad values ('user41', 'user2');
insert into Amistad values ('user2', 'user54');
insert into Amistad values ('user54', 'user2');
insert into Amistad values ('user2', 'user100');
insert into Amistad values ('user100', 'user2');
insert into Amistad values ('user2', 'user134');
insert into Amistad values ('user134', 'user2');
insert into Amistad values ('user3', 'user4');
insert into Amistad values ('user4', 'user3');
insert into Amistad values ('user3', 'user6');
insert into Amistad values ('user6', 'user3');
insert into Amistad values ('user3', 'user7');
insert into Amistad values ('user7', 'user3');
insert into Amistad values ('user3', 'user9');
insert into Amistad values ('user9', 'user3');
insert into Amistad values ('user3', 'user10');
insert into Amistad values ('user10', 'user3');
insert into Amistad values ('user3', 'user15');
insert into Amistad values ('user15', 'user3');
insert into Amistad values ('user3', 'user20');
insert into Amistad values ('user20', 'user3');
insert into Amistad values ('user3', 'user32');
insert into Amistad values ('user32', 'user3');
insert into Amistad values ('user3', 'user46');
insert into Amistad values ('user46', 'user3');
insert into Amistad values ('user3', 'user54');
insert into Amistad values ('user54', 'user3');
insert into Amistad values ('user3', 'user60');
insert into Amistad values ('user60', 'user3');
insert into Amistad values ('user3', 'user81');
insert into Amistad values ('user81', 'user3');
insert into Amistad values ('user4', 'user5');
insert into Amistad values ('user5', 'user4');
insert into Amistad values ('user4', 'user13');
insert into Amistad values ('user13', 'user4');
insert into Amistad values ('user4', 'user17');
insert into Amistad values ('user17', 'user4');
insert into Amistad values ('user4', 'user18');
insert into Amistad values ('user18', 'user4');
insert into Amistad values ('user4', 'user19');
insert into Amistad values ('user19', 'user4');
insert into Amistad values ('user4', 'user24');
insert into Amistad values ('user24', 'user4');
insert into Amistad values ('user4', 'user32');
insert into Amistad values ('user32', 'user4');
insert into Amistad values ('user4', 'user34');
insert into Amistad values ('user34', 'user4');
insert into Amistad values ('user4', 'user38');
insert into Amistad values ('user38', 'user4');
insert into Amistad values ('user4', 'user40');
insert into Amistad values ('user40', 'user4');
insert into Amistad values ('user4', 'user42');
insert into Amistad values ('user42', 'user4');
insert into Amistad values ('user4', 'user45');
insert into Amistad values ('user45', 'user4');
insert into Amistad values ('user4', 'user59');
insert into Amistad values ('user59', 'user4');
insert into Amistad values ('user4', 'user61');
insert into Amistad values ('user61', 'user4');
insert into Amistad values ('user4', 'user84');
insert into Amistad values ('user84', 'user4');
insert into Amistad values ('user4', 'user102');
insert into Amistad values ('user102', 'user4');
insert into Amistad values ('user4', 'user118');
insert into Amistad values ('user118', 'user4');
insert into Amistad values ('user5', 'user6');
insert into Amistad values ('user6', 'user5');
insert into Amistad values ('user5', 'user7');
insert into Amistad values ('user7', 'user5');
insert into Amistad values ('user5', 'user8');
insert into Amistad values ('user8', 'user5');
insert into Amistad values ('user5', 'user10');
insert into Amistad values ('user10', 'user5');
insert into Amistad values ('user5', 'user12');
insert into Amistad values ('user12', 'user5');
insert into Amistad values ('user5', 'user23');
insert into Amistad values ('user23', 'user5');
insert into Amistad values ('user5', 'user36');
insert into Amistad values ('user36', 'user5');
insert into Amistad values ('user5', 'user43');
insert into Amistad values ('user43', 'user5');
insert into Amistad values ('user5', 'user48');
insert into Amistad values ('user48', 'user5');
insert into Amistad values ('user5', 'user65');
insert into Amistad values ('user65', 'user5');
insert into Amistad values ('user5', 'user73');
insert into Amistad values ('user73', 'user5');
insert into Amistad values ('user5', 'user124');
insert into Amistad values ('user124', 'user5');
insert into Amistad values ('user6', 'user9');
insert into Amistad values ('user9', 'user6');
insert into Amistad values ('user6', 'user10');
insert into Amistad values ('user10', 'user6');
insert into Amistad values ('user6', 'user11');
insert into Amistad values ('user11', 'user6');
insert into Amistad values ('user6', 'user16');
insert into Amistad values ('user16', 'user6');
insert into Amistad values ('user6', 'user18');
insert into Amistad values ('user18', 'user6');
insert into Amistad values ('user6', 'user21');
insert into Amistad values ('user21', 'user6');
insert into Amistad values ('user6', 'user23');
insert into Amistad values ('user23', 'user6');
insert into Amistad values ('user6', 'user24');
insert into Amistad values ('user24', 'user6');
insert into Amistad values ('user6', 'user31');
insert into Amistad values ('user31', 'user6');
insert into Amistad values ('user6', 'user35');
insert into Amistad values ('user35', 'user6');
insert into Amistad values ('user6', 'user42');
insert into Amistad values ('user42', 'user6');
insert into Amistad values ('user6', 'user44');
insert into Amistad values ('user44', 'user6');
insert into Amistad values ('user6', 'user45');
insert into Amistad values ('user45', 'user6');
insert into Amistad values ('user6', 'user53');
insert into Amistad values ('user53', 'user6');
insert into Amistad values ('user6', 'user66');
insert into Amistad values ('user66', 'user6');
insert into Amistad values ('user6', 'user80');
insert into Amistad values ('user80', 'user6');
insert into Amistad values ('user6', 'user111');
insert into Amistad values ('user111', 'user6');
insert into Amistad values ('user6', 'user113');
insert into Amistad values ('user113', 'user6');
insert into Amistad values ('user7', 'user8');
insert into Amistad values ('user8', 'user7');
insert into Amistad values ('user7', 'user9');
insert into Amistad values ('user9', 'user7');
insert into Amistad values ('user7', 'user11');
insert into Amistad values ('user11', 'user7');
insert into Amistad values ('user7', 'user12');
insert into Amistad values ('user12', 'user7');
insert into Amistad values ('user7', 'user13');
insert into Amistad values ('user13', 'user7');
insert into Amistad values ('user7', 'user20');
insert into Amistad values ('user20', 'user7');
insert into Amistad values ('user7', 'user24');
insert into Amistad values ('user24', 'user7');
insert into Amistad values ('user7', 'user27');
insert into Amistad values ('user27', 'user7');
insert into Amistad values ('user7', 'user28');
insert into Amistad values ('user28', 'user7');
insert into Amistad values ('user7', 'user31');
insert into Amistad values ('user31', 'user7');
insert into Amistad values ('user7', 'user39');
insert into Amistad values ('user39', 'user7');
insert into Amistad values ('user7', 'user45');
insert into Amistad values ('user45', 'user7');
insert into Amistad values ('user7', 'user58');
insert into Amistad values ('user58', 'user7');
insert into Amistad values ('user7', 'user67');
insert into Amistad values ('user67', 'user7');
insert into Amistad values ('user7', 'user74');
insert into Amistad values ('user74', 'user7');
insert into Amistad values ('user7', 'user99');
insert into Amistad values ('user99', 'user7');
insert into Amistad values ('user7', 'user106');
insert into Amistad values ('user106', 'user7');
insert into Amistad values ('user8', 'user9');
insert into Amistad values ('user9', 'user8');
insert into Amistad values ('user8', 'user11');
insert into Amistad values ('user11', 'user8');
insert into Amistad values ('user8', 'user12');
insert into Amistad values ('user12', 'user8');
insert into Amistad values ('user8', 'user17');
insert into Amistad values ('user17', 'user8');
insert into Amistad values ('user8', 'user18');
insert into Amistad values ('user18', 'user8');
insert into Amistad values ('user8', 'user22');
insert into Amistad values ('user22', 'user8');
insert into Amistad values ('user8', 'user37');
insert into Amistad values ('user37', 'user8');
insert into Amistad values ('user8', 'user49');
insert into Amistad values ('user49', 'user8');
insert into Amistad values ('user8', 'user59');
insert into Amistad values ('user59', 'user8');
insert into Amistad values ('user8', 'user73');
insert into Amistad values ('user73', 'user8');
insert into Amistad values ('user8', 'user82');
insert into Amistad values ('user82', 'user8');
insert into Amistad values ('user8', 'user92');
insert into Amistad values ('user92', 'user8');
insert into Amistad values ('user9', 'user11');
insert into Amistad values ('user11', 'user9');
insert into Amistad values ('user9', 'user14');
insert into Amistad values ('user14', 'user9');
insert into Amistad values ('user9', 'user15');
insert into Amistad values ('user15', 'user9');
insert into Amistad values ('user9', 'user17');
insert into Amistad values ('user17', 'user9');
insert into Amistad values ('user9', 'user26');
insert into Amistad values ('user26', 'user9');
insert into Amistad values ('user9', 'user27');
insert into Amistad values ('user27', 'user9');
insert into Amistad values ('user9', 'user32');
insert into Amistad values ('user32', 'user9');
insert into Amistad values ('user9', 'user40');
insert into Amistad values ('user40', 'user9');
insert into Amistad values ('user9', 'user43');
insert into Amistad values ('user43', 'user9');
insert into Amistad values ('user9', 'user50');
insert into Amistad values ('user50', 'user9');
insert into Amistad values ('user9', 'user71');
insert into Amistad values ('user71', 'user9');
insert into Amistad values ('user9', 'user75');
insert into Amistad values ('user75', 'user9');
insert into Amistad values ('user9', 'user86');
insert into Amistad values ('user86', 'user9');
insert into Amistad values ('user9', 'user96');
insert into Amistad values ('user96', 'user9');
insert into Amistad values ('user9', 'user99');
insert into Amistad values ('user99', 'user9');
insert into Amistad values ('user9', 'user126');
insert into Amistad values ('user126', 'user9');
insert into Amistad values ('user10', 'user13');
insert into Amistad values ('user13', 'user10');
insert into Amistad values ('user10', 'user19');
insert into Amistad values ('user19', 'user10');
insert into Amistad values ('user10', 'user21');
insert into Amistad values ('user21', 'user10');
insert into Amistad values ('user10', 'user26');
insert into Amistad values ('user26', 'user10');
insert into Amistad values ('user10', 'user39');
insert into Amistad values ('user39', 'user10');
insert into Amistad values ('user10', 'user46');
insert into Amistad values ('user46', 'user10');
insert into Amistad values ('user10', 'user52');
insert into Amistad values ('user52', 'user10');
insert into Amistad values ('user10', 'user61');
insert into Amistad values ('user61', 'user10');
insert into Amistad values ('user10', 'user74');
insert into Amistad values ('user74', 'user10');
insert into Amistad values ('user10', 'user118');
insert into Amistad values ('user118', 'user10');
insert into Amistad values ('user10', 'user132');
insert into Amistad values ('user132', 'user10');
insert into Amistad values ('user11', 'user12');
insert into Amistad values ('user12', 'user11');
insert into Amistad values ('user11', 'user16');
insert into Amistad values ('user16', 'user11');
insert into Amistad values ('user11', 'user23');
insert into Amistad values ('user23', 'user11');
insert into Amistad values ('user11', 'user25');
insert into Amistad values ('user25', 'user11');
insert into Amistad values ('user11', 'user26');
insert into Amistad values ('user26', 'user11');
insert into Amistad values ('user11', 'user38');
insert into Amistad values ('user38', 'user11');
insert into Amistad values ('user11', 'user104');
insert into Amistad values ('user104', 'user11');
insert into Amistad values ('user11', 'user107');
insert into Amistad values ('user107', 'user11');
insert into Amistad values ('user11', 'user110');
insert into Amistad values ('user110', 'user11');
insert into Amistad values ('user12', 'user13');
insert into Amistad values ('user13', 'user12');
insert into Amistad values ('user12', 'user16');
insert into Amistad values ('user16', 'user12');
insert into Amistad values ('user12', 'user21');
insert into Amistad values ('user21', 'user12');
insert into Amistad values ('user12', 'user33');
insert into Amistad values ('user33', 'user12');
insert into Amistad values ('user12', 'user34');
insert into Amistad values ('user34', 'user12');
insert into Amistad values ('user12', 'user35');
insert into Amistad values ('user35', 'user12');
insert into Amistad values ('user12', 'user36');
insert into Amistad values ('user36', 'user12');
insert into Amistad values ('user12', 'user73');
insert into Amistad values ('user73', 'user12');
insert into Amistad values ('user12', 'user95');
insert into Amistad values ('user95', 'user12');
insert into Amistad values ('user12', 'user100');
insert into Amistad values ('user100', 'user12');
insert into Amistad values ('user12', 'user116');
insert into Amistad values ('user116', 'user12');
insert into Amistad values ('user13', 'user14');
insert into Amistad values ('user14', 'user13');
insert into Amistad values ('user13', 'user17');
insert into Amistad values ('user17', 'user13');
insert into Amistad values ('user13', 'user19');
insert into Amistad values ('user19', 'user13');
insert into Amistad values ('user13', 'user25');
insert into Amistad values ('user25', 'user13');
insert into Amistad values ('user13', 'user28');
insert into Amistad values ('user28', 'user13');
insert into Amistad values ('user13', 'user29');
insert into Amistad values ('user29', 'user13');
insert into Amistad values ('user13', 'user30');
insert into Amistad values ('user30', 'user13');
insert into Amistad values ('user13', 'user31');
insert into Amistad values ('user31', 'user13');
insert into Amistad values ('user13', 'user34');
insert into Amistad values ('user34', 'user13');
insert into Amistad values ('user13', 'user37');
insert into Amistad values ('user37', 'user13');
insert into Amistad values ('user13', 'user43');
insert into Amistad values ('user43', 'user13');
insert into Amistad values ('user13', 'user53');
insert into Amistad values ('user53', 'user13');
insert into Amistad values ('user13', 'user71');
insert into Amistad values ('user71', 'user13');
insert into Amistad values ('user13', 'user82');
insert into Amistad values ('user82', 'user13');
insert into Amistad values ('user13', 'user89');
insert into Amistad values ('user89', 'user13');
insert into Amistad values ('user13', 'user116');
insert into Amistad values ('user116', 'user13');
insert into Amistad values ('user13', 'user119');
insert into Amistad values ('user119', 'user13');
insert into Amistad values ('user13', 'user126');
insert into Amistad values ('user126', 'user13');
insert into Amistad values ('user14', 'user18');
insert into Amistad values ('user18', 'user14');
insert into Amistad values ('user14', 'user19');
insert into Amistad values ('user19', 'user14');
insert into Amistad values ('user14', 'user20');
insert into Amistad values ('user20', 'user14');
insert into Amistad values ('user14', 'user22');
insert into Amistad values ('user22', 'user14');
insert into Amistad values ('user14', 'user26');
insert into Amistad values ('user26', 'user14');
insert into Amistad values ('user14', 'user28');
insert into Amistad values ('user28', 'user14');
insert into Amistad values ('user14', 'user29');
insert into Amistad values ('user29', 'user14');
insert into Amistad values ('user14', 'user33');
insert into Amistad values ('user33', 'user14');
insert into Amistad values ('user14', 'user72');
insert into Amistad values ('user72', 'user14');
insert into Amistad values ('user14', 'user77');
insert into Amistad values ('user77', 'user14');
insert into Amistad values ('user14', 'user93');
insert into Amistad values ('user93', 'user14');
insert into Amistad values ('user14', 'user95');
insert into Amistad values ('user95', 'user14');
insert into Amistad values ('user14', 'user125');
insert into Amistad values ('user125', 'user14');
insert into Amistad values ('user14', 'user132');
insert into Amistad values ('user132', 'user14');
insert into Amistad values ('user15', 'user16');
insert into Amistad values ('user16', 'user15');
insert into Amistad values ('user15', 'user17');
insert into Amistad values ('user17', 'user15');
insert into Amistad values ('user15', 'user25');
insert into Amistad values ('user25', 'user15');
insert into Amistad values ('user15', 'user28');
insert into Amistad values ('user28', 'user15');
insert into Amistad values ('user15', 'user43');
insert into Amistad values ('user43', 'user15');
insert into Amistad values ('user15', 'user44');
insert into Amistad values ('user44', 'user15');
insert into Amistad values ('user15', 'user47');
insert into Amistad values ('user47', 'user15');
insert into Amistad values ('user15', 'user50');
insert into Amistad values ('user50', 'user15');
insert into Amistad values ('user15', 'user51');
insert into Amistad values ('user51', 'user15');
insert into Amistad values ('user15', 'user63');
insert into Amistad values ('user63', 'user15');
insert into Amistad values ('user15', 'user81');
insert into Amistad values ('user81', 'user15');
insert into Amistad values ('user15', 'user114');
insert into Amistad values ('user114', 'user15');
insert into Amistad values ('user16', 'user19');
insert into Amistad values ('user19', 'user16');
insert into Amistad values ('user16', 'user33');
insert into Amistad values ('user33', 'user16');
insert into Amistad values ('user16', 'user36');
insert into Amistad values ('user36', 'user16');
insert into Amistad values ('user16', 'user46');
insert into Amistad values ('user46', 'user16');
insert into Amistad values ('user16', 'user51');
insert into Amistad values ('user51', 'user16');
insert into Amistad values ('user16', 'user57');
insert into Amistad values ('user57', 'user16');
insert into Amistad values ('user16', 'user65');
insert into Amistad values ('user65', 'user16');
insert into Amistad values ('user16', 'user71');
insert into Amistad values ('user71', 'user16');
insert into Amistad values ('user16', 'user75');
insert into Amistad values ('user75', 'user16');
insert into Amistad values ('user16', 'user76');
insert into Amistad values ('user76', 'user16');
insert into Amistad values ('user16', 'user113');
insert into Amistad values ('user113', 'user16');
insert into Amistad values ('user17', 'user21');
insert into Amistad values ('user21', 'user17');
insert into Amistad values ('user17', 'user55');
insert into Amistad values ('user55', 'user17');
insert into Amistad values ('user17', 'user62');
insert into Amistad values ('user62', 'user17');
insert into Amistad values ('user17', 'user74');
insert into Amistad values ('user74', 'user17');
insert into Amistad values ('user17', 'user96');
insert into Amistad values ('user96', 'user17');
insert into Amistad values ('user17', 'user129');
insert into Amistad values ('user129', 'user17');
insert into Amistad values ('user17', 'user131');
insert into Amistad values ('user131', 'user17');
insert into Amistad values ('user18', 'user20');
insert into Amistad values ('user20', 'user18');
insert into Amistad values ('user18', 'user36');
insert into Amistad values ('user36', 'user18');
insert into Amistad values ('user18', 'user48');
insert into Amistad values ('user48', 'user18');
insert into Amistad values ('user18', 'user54');
insert into Amistad values ('user54', 'user18');
insert into Amistad values ('user18', 'user75');
insert into Amistad values ('user75', 'user18');
insert into Amistad values ('user18', 'user78');
insert into Amistad values ('user78', 'user18');
insert into Amistad values ('user18', 'user81');
insert into Amistad values ('user81', 'user18');
insert into Amistad values ('user18', 'user86');
insert into Amistad values ('user86', 'user18');
insert into Amistad values ('user18', 'user111');
insert into Amistad values ('user111', 'user18');
insert into Amistad values ('user18', 'user112');
insert into Amistad values ('user112', 'user18');
insert into Amistad values ('user18', 'user113');
insert into Amistad values ('user113', 'user18');
insert into Amistad values ('user19', 'user20');
insert into Amistad values ('user20', 'user19');
insert into Amistad values ('user19', 'user22');
insert into Amistad values ('user22', 'user19');
insert into Amistad values ('user19', 'user27');
insert into Amistad values ('user27', 'user19');
insert into Amistad values ('user19', 'user28');
insert into Amistad values ('user28', 'user19');
insert into Amistad values ('user19', 'user29');
insert into Amistad values ('user29', 'user19');
insert into Amistad values ('user19', 'user41');
insert into Amistad values ('user41', 'user19');
insert into Amistad values ('user19', 'user48');
insert into Amistad values ('user48', 'user19');
insert into Amistad values ('user19', 'user53');
insert into Amistad values ('user53', 'user19');
insert into Amistad values ('user19', 'user60');
insert into Amistad values ('user60', 'user19');
insert into Amistad values ('user19', 'user61');
insert into Amistad values ('user61', 'user19');
insert into Amistad values ('user19', 'user67');
insert into Amistad values ('user67', 'user19');
insert into Amistad values ('user19', 'user92');
insert into Amistad values ('user92', 'user19');
insert into Amistad values ('user20', 'user22');
insert into Amistad values ('user22', 'user20');
insert into Amistad values ('user20', 'user24');
insert into Amistad values ('user24', 'user20');
insert into Amistad values ('user20', 'user30');
insert into Amistad values ('user30', 'user20');
insert into Amistad values ('user20', 'user32');
insert into Amistad values ('user32', 'user20');
insert into Amistad values ('user20', 'user37');
insert into Amistad values ('user37', 'user20');
insert into Amistad values ('user20', 'user44');
insert into Amistad values ('user44', 'user20');
insert into Amistad values ('user20', 'user56');
insert into Amistad values ('user56', 'user20');
insert into Amistad values ('user20', 'user79');
insert into Amistad values ('user79', 'user20');
insert into Amistad values ('user20', 'user87');
insert into Amistad values ('user87', 'user20');
insert into Amistad values ('user20', 'user105');
insert into Amistad values ('user105', 'user20');
insert into Amistad values ('user20', 'user131');
insert into Amistad values ('user131', 'user20');
insert into Amistad values ('user21', 'user24');
insert into Amistad values ('user24', 'user21');
insert into Amistad values ('user21', 'user44');
insert into Amistad values ('user44', 'user21');
insert into Amistad values ('user21', 'user49');
insert into Amistad values ('user49', 'user21');
insert into Amistad values ('user21', 'user57');
insert into Amistad values ('user57', 'user21');
insert into Amistad values ('user21', 'user66');
insert into Amistad values ('user66', 'user21');
insert into Amistad values ('user21', 'user78');
insert into Amistad values ('user78', 'user21');
insert into Amistad values ('user21', 'user83');
insert into Amistad values ('user83', 'user21');
insert into Amistad values ('user21', 'user88');
insert into Amistad values ('user88', 'user21');
insert into Amistad values ('user21', 'user97');
insert into Amistad values ('user97', 'user21');
insert into Amistad values ('user21', 'user102');
insert into Amistad values ('user102', 'user21');
insert into Amistad values ('user22', 'user35');
insert into Amistad values ('user35', 'user22');
insert into Amistad values ('user22', 'user56');
insert into Amistad values ('user56', 'user22');
insert into Amistad values ('user22', 'user60');
insert into Amistad values ('user60', 'user22');
insert into Amistad values ('user22', 'user66');
insert into Amistad values ('user66', 'user22');
insert into Amistad values ('user22', 'user70');
insert into Amistad values ('user70', 'user22');
insert into Amistad values ('user22', 'user75');
insert into Amistad values ('user75', 'user22');
insert into Amistad values ('user22', 'user76');
insert into Amistad values ('user76', 'user22');
insert into Amistad values ('user22', 'user91');
insert into Amistad values ('user91', 'user22');
insert into Amistad values ('user22', 'user99');
insert into Amistad values ('user99', 'user22');
insert into Amistad values ('user23', 'user35');
insert into Amistad values ('user35', 'user23');
insert into Amistad values ('user23', 'user57');
insert into Amistad values ('user57', 'user23');
insert into Amistad values ('user23', 'user85');
insert into Amistad values ('user85', 'user23');
insert into Amistad values ('user23', 'user89');
insert into Amistad values ('user89', 'user23');
insert into Amistad values ('user24', 'user32');
insert into Amistad values ('user32', 'user24');
insert into Amistad values ('user24', 'user53');
insert into Amistad values ('user53', 'user24');
insert into Amistad values ('user24', 'user55');
insert into Amistad values ('user55', 'user24');
insert into Amistad values ('user24', 'user134');
insert into Amistad values ('user134', 'user24');
insert into Amistad values ('user25', 'user27');
insert into Amistad values ('user27', 'user25');
insert into Amistad values ('user25', 'user33');
insert into Amistad values ('user33', 'user25');
insert into Amistad values ('user25', 'user62');
insert into Amistad values ('user62', 'user25');
insert into Amistad values ('user25', 'user69');
insert into Amistad values ('user69', 'user25');
insert into Amistad values ('user25', 'user114');
insert into Amistad values ('user114', 'user25');
insert into Amistad values ('user25', 'user116');
insert into Amistad values ('user116', 'user25');
insert into Amistad values ('user25', 'user117');
insert into Amistad values ('user117', 'user25');
insert into Amistad values ('user26', 'user54');
insert into Amistad values ('user54', 'user26');
insert into Amistad values ('user26', 'user63');
insert into Amistad values ('user63', 'user26');
insert into Amistad values ('user26', 'user82');
insert into Amistad values ('user82', 'user26');
insert into Amistad values ('user26', 'user93');
insert into Amistad values ('user93', 'user26');
insert into Amistad values ('user26', 'user120');
insert into Amistad values ('user120', 'user26');
insert into Amistad values ('user26', 'user133');
insert into Amistad values ('user133', 'user26');
insert into Amistad values ('user27', 'user29');
insert into Amistad values ('user29', 'user27');
insert into Amistad values ('user27', 'user48');
insert into Amistad values ('user48', 'user27');
insert into Amistad values ('user27', 'user65');
insert into Amistad values ('user65', 'user27');
insert into Amistad values ('user27', 'user67');
insert into Amistad values ('user67', 'user27');
insert into Amistad values ('user27', 'user88');
insert into Amistad values ('user88', 'user27');
insert into Amistad values ('user27', 'user98');
insert into Amistad values ('user98', 'user27');
insert into Amistad values ('user27', 'user134');
insert into Amistad values ('user134', 'user27');
insert into Amistad values ('user28', 'user41');
insert into Amistad values ('user41', 'user28');
insert into Amistad values ('user28', 'user47');
insert into Amistad values ('user47', 'user28');
insert into Amistad values ('user28', 'user85');
insert into Amistad values ('user85', 'user28');
insert into Amistad values ('user28', 'user107');
insert into Amistad values ('user107', 'user28');
insert into Amistad values ('user28', 'user112');
insert into Amistad values ('user112', 'user28');
insert into Amistad values ('user29', 'user30');
insert into Amistad values ('user30', 'user29');
insert into Amistad values ('user29', 'user35');
insert into Amistad values ('user35', 'user29');
insert into Amistad values ('user29', 'user47');
insert into Amistad values ('user47', 'user29');
insert into Amistad values ('user29', 'user51');
insert into Amistad values ('user51', 'user29');
insert into Amistad values ('user29', 'user59');
insert into Amistad values ('user59', 'user29');
insert into Amistad values ('user29', 'user73');
insert into Amistad values ('user73', 'user29');
insert into Amistad values ('user29', 'user80');
insert into Amistad values ('user80', 'user29');
insert into Amistad values ('user29', 'user83');
insert into Amistad values ('user83', 'user29');
insert into Amistad values ('user30', 'user31');
insert into Amistad values ('user31', 'user30');
insert into Amistad values ('user30', 'user48');
insert into Amistad values ('user48', 'user30');
insert into Amistad values ('user30', 'user119');
insert into Amistad values ('user119', 'user30');
insert into Amistad values ('user30', 'user121');
insert into Amistad values ('user121', 'user30');
insert into Amistad values ('user31', 'user38');
insert into Amistad values ('user38', 'user31');
insert into Amistad values ('user31', 'user44');
insert into Amistad values ('user44', 'user31');
insert into Amistad values ('user32', 'user33');
insert into Amistad values ('user33', 'user32');
insert into Amistad values ('user32', 'user34');
insert into Amistad values ('user34', 'user32');
insert into Amistad values ('user32', 'user37');
insert into Amistad values ('user37', 'user32');
insert into Amistad values ('user32', 'user38');
insert into Amistad values ('user38', 'user32');
insert into Amistad values ('user32', 'user46');
insert into Amistad values ('user46', 'user32');
insert into Amistad values ('user32', 'user64');
insert into Amistad values ('user64', 'user32');
insert into Amistad values ('user32', 'user109');
insert into Amistad values ('user109', 'user32');
insert into Amistad values ('user33', 'user39');
insert into Amistad values ('user39', 'user33');
insert into Amistad values ('user33', 'user41');
insert into Amistad values ('user41', 'user33');
insert into Amistad values ('user33', 'user80');
insert into Amistad values ('user80', 'user33');
insert into Amistad values ('user33', 'user103');
insert into Amistad values ('user103', 'user33');
insert into Amistad values ('user33', 'user106');
insert into Amistad values ('user106', 'user33');
insert into Amistad values ('user34', 'user40');
insert into Amistad values ('user40', 'user34');
insert into Amistad values ('user34', 'user50');
insert into Amistad values ('user50', 'user34');
insert into Amistad values ('user34', 'user83');
insert into Amistad values ('user83', 'user34');
insert into Amistad values ('user34', 'user94');
insert into Amistad values ('user94', 'user34');
insert into Amistad values ('user35', 'user37');
insert into Amistad values ('user37', 'user35');
insert into Amistad values ('user35', 'user41');
insert into Amistad values ('user41', 'user35');
insert into Amistad values ('user35', 'user62');
insert into Amistad values ('user62', 'user35');
insert into Amistad values ('user35', 'user98');
insert into Amistad values ('user98', 'user35');
insert into Amistad values ('user35', 'user103');
insert into Amistad values ('user103', 'user35');
insert into Amistad values ('user35', 'user114');
insert into Amistad values ('user114', 'user35');
insert into Amistad values ('user35', 'user121');
insert into Amistad values ('user121', 'user35');
insert into Amistad values ('user36', 'user39');
insert into Amistad values ('user39', 'user36');
insert into Amistad values ('user36', 'user56');
insert into Amistad values ('user56', 'user36');
insert into Amistad values ('user36', 'user64');
insert into Amistad values ('user64', 'user36');
insert into Amistad values ('user36', 'user66');
insert into Amistad values ('user66', 'user36');
insert into Amistad values ('user36', 'user67');
insert into Amistad values ('user67', 'user36');
insert into Amistad values ('user36', 'user75');
insert into Amistad values ('user75', 'user36');
insert into Amistad values ('user36', 'user98');
insert into Amistad values ('user98', 'user36');
insert into Amistad values ('user36', 'user118');
insert into Amistad values ('user118', 'user36');
insert into Amistad values ('user37', 'user39');
insert into Amistad values ('user39', 'user37');
insert into Amistad values ('user37', 'user43');
insert into Amistad values ('user43', 'user37');
insert into Amistad values ('user37', 'user49');
insert into Amistad values ('user49', 'user37');
insert into Amistad values ('user37', 'user50');
insert into Amistad values ('user50', 'user37');
insert into Amistad values ('user37', 'user59');
insert into Amistad values ('user59', 'user37');
insert into Amistad values ('user37', 'user61');
insert into Amistad values ('user61', 'user37');
insert into Amistad values ('user37', 'user74');
insert into Amistad values ('user74', 'user37');
insert into Amistad values ('user37', 'user76');
insert into Amistad values ('user76', 'user37');
insert into Amistad values ('user37', 'user80');
insert into Amistad values ('user80', 'user37');
insert into Amistad values ('user37', 'user84');
insert into Amistad values ('user84', 'user37');
insert into Amistad values ('user37', 'user111');
insert into Amistad values ('user111', 'user37');
insert into Amistad values ('user37', 'user125');
insert into Amistad values ('user125', 'user37');
insert into Amistad values ('user37', 'user128');
insert into Amistad values ('user128', 'user37');
insert into Amistad values ('user38', 'user42');
insert into Amistad values ('user42', 'user38');
insert into Amistad values ('user38', 'user50');
insert into Amistad values ('user50', 'user38');
insert into Amistad values ('user38', 'user58');
insert into Amistad values ('user58', 'user38');
insert into Amistad values ('user38', 'user62');
insert into Amistad values ('user62', 'user38');
insert into Amistad values ('user38', 'user64');
insert into Amistad values ('user64', 'user38');
insert into Amistad values ('user38', 'user65');
insert into Amistad values ('user65', 'user38');
insert into Amistad values ('user38', 'user100');
insert into Amistad values ('user100', 'user38');
insert into Amistad values ('user38', 'user109');
insert into Amistad values ('user109', 'user38');
insert into Amistad values ('user39', 'user52');
insert into Amistad values ('user52', 'user39');
insert into Amistad values ('user39', 'user56');
insert into Amistad values ('user56', 'user39');
insert into Amistad values ('user39', 'user59');
insert into Amistad values ('user59', 'user39');
insert into Amistad values ('user39', 'user63');
insert into Amistad values ('user63', 'user39');
insert into Amistad values ('user39', 'user83');
insert into Amistad values ('user83', 'user39');
insert into Amistad values ('user39', 'user84');
insert into Amistad values ('user84', 'user39');
insert into Amistad values ('user39', 'user85');
insert into Amistad values ('user85', 'user39');
insert into Amistad values ('user39', 'user113');
insert into Amistad values ('user113', 'user39');
insert into Amistad values ('user39', 'user116');
insert into Amistad values ('user116', 'user39');
insert into Amistad values ('user39', 'user119');
insert into Amistad values ('user119', 'user39');
insert into Amistad values ('user39', 'user120');
insert into Amistad values ('user120', 'user39');
insert into Amistad values ('user40', 'user49');
insert into Amistad values ('user49', 'user40');
insert into Amistad values ('user40', 'user52');
insert into Amistad values ('user52', 'user40');
insert into Amistad values ('user40', 'user68');
insert into Amistad values ('user68', 'user40');
insert into Amistad values ('user40', 'user79');
insert into Amistad values ('user79', 'user40');
insert into Amistad values ('user40', 'user101');
insert into Amistad values ('user101', 'user40');
insert into Amistad values ('user40', 'user115');
insert into Amistad values ('user115', 'user40');
insert into Amistad values ('user41', 'user56');
insert into Amistad values ('user56', 'user41');
insert into Amistad values ('user41', 'user68');
insert into Amistad values ('user68', 'user41');
insert into Amistad values ('user41', 'user94');
insert into Amistad values ('user94', 'user41');
insert into Amistad values ('user41', 'user100');
insert into Amistad values ('user100', 'user41');
insert into Amistad values ('user42', 'user47');
insert into Amistad values ('user47', 'user42');
insert into Amistad values ('user42', 'user72');
insert into Amistad values ('user72', 'user42');
insert into Amistad values ('user42', 'user133');
insert into Amistad values ('user133', 'user42');
insert into Amistad values ('user43', 'user51');
insert into Amistad values ('user51', 'user43');
insert into Amistad values ('user43', 'user55');
insert into Amistad values ('user55', 'user43');
insert into Amistad values ('user43', 'user58');
insert into Amistad values ('user58', 'user43');
insert into Amistad values ('user43', 'user63');
insert into Amistad values ('user63', 'user43');
insert into Amistad values ('user43', 'user69');
insert into Amistad values ('user69', 'user43');
insert into Amistad values ('user43', 'user70');
insert into Amistad values ('user70', 'user43');
insert into Amistad values ('user43', 'user82');
insert into Amistad values ('user82', 'user43');
insert into Amistad values ('user43', 'user91');
insert into Amistad values ('user91', 'user43');
insert into Amistad values ('user43', 'user129');
insert into Amistad values ('user129', 'user43');
insert into Amistad values ('user44', 'user46');
insert into Amistad values ('user46', 'user44');
insert into Amistad values ('user44', 'user51');
insert into Amistad values ('user51', 'user44');
insert into Amistad values ('user44', 'user52');
insert into Amistad values ('user52', 'user44');
insert into Amistad values ('user44', 'user54');
insert into Amistad values ('user54', 'user44');
insert into Amistad values ('user44', 'user68');
insert into Amistad values ('user68', 'user44');
insert into Amistad values ('user45', 'user49');
insert into Amistad values ('user49', 'user45');
insert into Amistad values ('user45', 'user55');
insert into Amistad values ('user55', 'user45');
insert into Amistad values ('user45', 'user62');
insert into Amistad values ('user62', 'user45');
insert into Amistad values ('user45', 'user68');
insert into Amistad values ('user68', 'user45');
insert into Amistad values ('user45', 'user69');
insert into Amistad values ('user69', 'user45');
insert into Amistad values ('user45', 'user77');
insert into Amistad values ('user77', 'user45');
insert into Amistad values ('user45', 'user79');
insert into Amistad values ('user79', 'user45');
insert into Amistad values ('user45', 'user84');
insert into Amistad values ('user84', 'user45');
insert into Amistad values ('user46', 'user124');
insert into Amistad values ('user124', 'user46');
insert into Amistad values ('user47', 'user90');
insert into Amistad values ('user90', 'user47');
insert into Amistad values ('user47', 'user107');
insert into Amistad values ('user107', 'user47');
insert into Amistad values ('user47', 'user125');
insert into Amistad values ('user125', 'user47');
insert into Amistad values ('user47', 'user126');
insert into Amistad values ('user126', 'user47');
insert into Amistad values ('user48', 'user69');
insert into Amistad values ('user69', 'user48');
insert into Amistad values ('user48', 'user84');
insert into Amistad values ('user84', 'user48');
insert into Amistad values ('user48', 'user118');
insert into Amistad values ('user118', 'user48');
insert into Amistad values ('user48', 'user119');
insert into Amistad values ('user119', 'user48');
insert into Amistad values ('user49', 'user52');
insert into Amistad values ('user52', 'user49');
insert into Amistad values ('user49', 'user96');
insert into Amistad values ('user96', 'user49');
insert into Amistad values ('user49', 'user103');
insert into Amistad values ('user103', 'user49');
insert into Amistad values ('user49', 'user110');
insert into Amistad values ('user110', 'user49');
insert into Amistad values ('user49', 'user117');
insert into Amistad values ('user117', 'user49');
insert into Amistad values ('user50', 'user53');
insert into Amistad values ('user53', 'user50');
insert into Amistad values ('user50', 'user64');
insert into Amistad values ('user64', 'user50');
insert into Amistad values ('user50', 'user87');
insert into Amistad values ('user87', 'user50');
insert into Amistad values ('user50', 'user97');
insert into Amistad values ('user97', 'user50');
insert into Amistad values ('user51', 'user57');
insert into Amistad values ('user57', 'user51');
insert into Amistad values ('user51', 'user80');
insert into Amistad values ('user80', 'user51');
insert into Amistad values ('user51', 'user102');
insert into Amistad values ('user102', 'user51');
insert into Amistad values ('user51', 'user103');
insert into Amistad values ('user103', 'user51');
insert into Amistad values ('user52', 'user58');
insert into Amistad values ('user58', 'user52');
insert into Amistad values ('user52', 'user66');
insert into Amistad values ('user66', 'user52');
insert into Amistad values ('user52', 'user89');
insert into Amistad values ('user89', 'user52');
insert into Amistad values ('user53', 'user65');
insert into Amistad values ('user65', 'user53');
insert into Amistad values ('user53', 'user72');
insert into Amistad values ('user72', 'user53');
insert into Amistad values ('user53', 'user120');
insert into Amistad values ('user120', 'user53');
insert into Amistad values ('user54', 'user55');
insert into Amistad values ('user55', 'user54');
insert into Amistad values ('user54', 'user57');
insert into Amistad values ('user57', 'user54');
insert into Amistad values ('user54', 'user61');
insert into Amistad values ('user61', 'user54');
insert into Amistad values ('user54', 'user64');
insert into Amistad values ('user64', 'user54');
insert into Amistad values ('user54', 'user70');
insert into Amistad values ('user70', 'user54');
insert into Amistad values ('user54', 'user81');
insert into Amistad values ('user81', 'user54');
insert into Amistad values ('user54', 'user87');
insert into Amistad values ('user87', 'user54');
insert into Amistad values ('user54', 'user104');
insert into Amistad values ('user104', 'user54');
insert into Amistad values ('user54', 'user105');
insert into Amistad values ('user105', 'user54');
insert into Amistad values ('user54', 'user109');
insert into Amistad values ('user109', 'user54');
insert into Amistad values ('user55', 'user60');
insert into Amistad values ('user60', 'user55');
insert into Amistad values ('user55', 'user101');
insert into Amistad values ('user101', 'user55');
insert into Amistad values ('user55', 'user119');
insert into Amistad values ('user119', 'user55');
insert into Amistad values ('user55', 'user123');
insert into Amistad values ('user123', 'user55');
insert into Amistad values ('user56', 'user71');
insert into Amistad values ('user71', 'user56');
insert into Amistad values ('user56', 'user77');
insert into Amistad values ('user77', 'user56');
insert into Amistad values ('user56', 'user79');
insert into Amistad values ('user79', 'user56');
insert into Amistad values ('user56', 'user98');
insert into Amistad values ('user98', 'user56');
insert into Amistad values ('user57', 'user78');
insert into Amistad values ('user78', 'user57');
insert into Amistad values ('user57', 'user108');
insert into Amistad values ('user108', 'user57');
insert into Amistad values ('user57', 'user127');
insert into Amistad values ('user127', 'user57');
insert into Amistad values ('user58', 'user60');
insert into Amistad values ('user60', 'user58');
insert into Amistad values ('user58', 'user90');
insert into Amistad values ('user90', 'user58');
insert into Amistad values ('user58', 'user128');
insert into Amistad values ('user128', 'user58');
insert into Amistad values ('user59', 'user99');
insert into Amistad values ('user99', 'user59');
insert into Amistad values ('user59', 'user109');
insert into Amistad values ('user109', 'user59');
insert into Amistad values ('user60', 'user67');
insert into Amistad values ('user67', 'user60');
insert into Amistad values ('user60', 'user71');
insert into Amistad values ('user71', 'user60');
insert into Amistad values ('user60', 'user91');
insert into Amistad values ('user91', 'user60');
insert into Amistad values ('user60', 'user97');
insert into Amistad values ('user97', 'user60');
insert into Amistad values ('user61', 'user86');
insert into Amistad values ('user86', 'user61');
insert into Amistad values ('user61', 'user88');
insert into Amistad values ('user88', 'user61');
insert into Amistad values ('user61', 'user103');
insert into Amistad values ('user103', 'user61');
insert into Amistad values ('user61', 'user114');
insert into Amistad values ('user114', 'user61');
insert into Amistad values ('user62', 'user92');
insert into Amistad values ('user92', 'user62');
insert into Amistad values ('user62', 'user108');
insert into Amistad values ('user108', 'user62');
insert into Amistad values ('user62', 'user114');
insert into Amistad values ('user114', 'user62');
insert into Amistad values ('user62', 'user126');
insert into Amistad values ('user126', 'user62');
insert into Amistad values ('user63', 'user85');
insert into Amistad values ('user85', 'user63');
insert into Amistad values ('user63', 'user115');
insert into Amistad values ('user115', 'user63');
insert into Amistad values ('user63', 'user127');
insert into Amistad values ('user127', 'user63');
insert into Amistad values ('user64', 'user88');
insert into Amistad values ('user88', 'user64');
insert into Amistad values ('user64', 'user90');
insert into Amistad values ('user90', 'user64');
insert into Amistad values ('user64', 'user107');
insert into Amistad values ('user107', 'user64');
insert into Amistad values ('user64', 'user124');
insert into Amistad values ('user124', 'user64');
insert into Amistad values ('user65', 'user68');
insert into Amistad values ('user68', 'user65');
insert into Amistad values ('user65', 'user72');
insert into Amistad values ('user72', 'user65');
insert into Amistad values ('user65', 'user129');
insert into Amistad values ('user129', 'user65');
insert into Amistad values ('user65', 'user130');
insert into Amistad values ('user130', 'user65');
insert into Amistad values ('user66', 'user69');
insert into Amistad values ('user69', 'user66');
insert into Amistad values ('user66', 'user70');
insert into Amistad values ('user70', 'user66');
insert into Amistad values ('user66', 'user73');
insert into Amistad values ('user73', 'user66');
insert into Amistad values ('user66', 'user85');
insert into Amistad values ('user85', 'user66');
insert into Amistad values ('user66', 'user92');
insert into Amistad values ('user92', 'user66');
insert into Amistad values ('user66', 'user109');
insert into Amistad values ('user109', 'user66');
insert into Amistad values ('user67', 'user77');
insert into Amistad values ('user77', 'user67');
insert into Amistad values ('user67', 'user106');
insert into Amistad values ('user106', 'user67');
insert into Amistad values ('user68', 'user76');
insert into Amistad values ('user76', 'user68');
insert into Amistad values ('user68', 'user87');
insert into Amistad values ('user87', 'user68');
insert into Amistad values ('user68', 'user105');
insert into Amistad values ('user105', 'user68');
insert into Amistad values ('user68', 'user108');
insert into Amistad values ('user108', 'user68');
insert into Amistad values ('user69', 'user89');
insert into Amistad values ('user89', 'user69');
insert into Amistad values ('user69', 'user108');
insert into Amistad values ('user108', 'user69');
insert into Amistad values ('user70', 'user74');
insert into Amistad values ('user74', 'user70');
insert into Amistad values ('user70', 'user93');
insert into Amistad values ('user93', 'user70');
insert into Amistad values ('user70', 'user131');
insert into Amistad values ('user131', 'user70');
insert into Amistad values ('user71', 'user115');
insert into Amistad values ('user115', 'user71');
insert into Amistad values ('user71', 'user133');
insert into Amistad values ('user133', 'user71');
insert into Amistad values ('user72', 'user88');
insert into Amistad values ('user88', 'user72');
insert into Amistad values ('user72', 'user124');
insert into Amistad values ('user124', 'user72');
insert into Amistad values ('user72', 'user129');
insert into Amistad values ('user129', 'user72');
insert into Amistad values ('user73', 'user86');
insert into Amistad values ('user86', 'user73');
insert into Amistad values ('user73', 'user110');
insert into Amistad values ('user110', 'user73');
insert into Amistad values ('user74', 'user78');
insert into Amistad values ('user78', 'user74');
insert into Amistad values ('user74', 'user102');
insert into Amistad values ('user102', 'user74');
insert into Amistad values ('user75', 'user76');
insert into Amistad values ('user76', 'user75');
insert into Amistad values ('user75', 'user83');
insert into Amistad values ('user83', 'user75');
insert into Amistad values ('user75', 'user105');
insert into Amistad values ('user105', 'user75');
insert into Amistad values ('user75', 'user106');
insert into Amistad values ('user106', 'user75');
insert into Amistad values ('user75', 'user122');
insert into Amistad values ('user122', 'user75');
insert into Amistad values ('user76', 'user78');
insert into Amistad values ('user78', 'user76');
insert into Amistad values ('user76', 'user118');
insert into Amistad values ('user118', 'user76');
insert into Amistad values ('user76', 'user123');
insert into Amistad values ('user123', 'user76');
insert into Amistad values ('user76', 'user134');
insert into Amistad values ('user134', 'user76');
insert into Amistad values ('user77', 'user94');
insert into Amistad values ('user94', 'user77');
insert into Amistad values ('user77', 'user129');
insert into Amistad values ('user129', 'user77');
insert into Amistad values ('user78', 'user79');
insert into Amistad values ('user79', 'user78');
insert into Amistad values ('user78', 'user91');
insert into Amistad values ('user91', 'user78');
insert into Amistad values ('user78', 'user110');
insert into Amistad values ('user110', 'user78');
insert into Amistad values ('user78', 'user111');
insert into Amistad values ('user111', 'user78');
insert into Amistad values ('user78', 'user115');
insert into Amistad values ('user115', 'user78');
insert into Amistad values ('user78', 'user122');
insert into Amistad values ('user122', 'user78');
insert into Amistad values ('user78', 'user130');
insert into Amistad values ('user130', 'user78');
insert into Amistad values ('user78', 'user133');
insert into Amistad values ('user133', 'user78');
insert into Amistad values ('user79', 'user81');
insert into Amistad values ('user81', 'user79');
insert into Amistad values ('user79', 'user82');
insert into Amistad values ('user82', 'user79');
insert into Amistad values ('user79', 'user93');
insert into Amistad values ('user93', 'user79');
insert into Amistad values ('user79', 'user105');
insert into Amistad values ('user105', 'user79');
insert into Amistad values ('user79', 'user122');
insert into Amistad values ('user122', 'user79');
insert into Amistad values ('user80', 'user90');
insert into Amistad values ('user90', 'user80');
insert into Amistad values ('user80', 'user95');
insert into Amistad values ('user95', 'user80');
insert into Amistad values ('user80', 'user98');
insert into Amistad values ('user98', 'user80');
insert into Amistad values ('user80', 'user117');
insert into Amistad values ('user117', 'user80');
insert into Amistad values ('user81', 'user87');
insert into Amistad values ('user87', 'user81');
insert into Amistad values ('user81', 'user101');
insert into Amistad values ('user101', 'user81');
insert into Amistad values ('user81', 'user102');
insert into Amistad values ('user102', 'user81');
insert into Amistad values ('user82', 'user100');
insert into Amistad values ('user100', 'user82');
insert into Amistad values ('user82', 'user101');
insert into Amistad values ('user101', 'user82');
insert into Amistad values ('user82', 'user110');
insert into Amistad values ('user110', 'user82');
insert into Amistad values ('user82', 'user120');
insert into Amistad values ('user120', 'user82');
insert into Amistad values ('user83', 'user92');
insert into Amistad values ('user92', 'user83');
insert into Amistad values ('user83', 'user132');
insert into Amistad values ('user132', 'user83');
insert into Amistad values ('user84', 'user86');
insert into Amistad values ('user86', 'user84');
insert into Amistad values ('user84', 'user104');
insert into Amistad values ('user104', 'user84');
insert into Amistad values ('user84', 'user125');
insert into Amistad values ('user125', 'user84');
insert into Amistad values ('user84', 'user132');
insert into Amistad values ('user132', 'user84');
insert into Amistad values ('user85', 'user94');
insert into Amistad values ('user94', 'user85');
insert into Amistad values ('user85', 'user123');
insert into Amistad values ('user123', 'user85');
insert into Amistad values ('user86', 'user94');
insert into Amistad values ('user94', 'user86');
insert into Amistad values ('user87', 'user116');
insert into Amistad values ('user116', 'user87');
insert into Amistad values ('user88', 'user90');
insert into Amistad values ('user90', 'user88');
insert into Amistad values ('user88', 'user95');
insert into Amistad values ('user95', 'user88');
insert into Amistad values ('user88', 'user101');
insert into Amistad values ('user101', 'user88');
insert into Amistad values ('user88', 'user115');
insert into Amistad values ('user115', 'user88');
insert into Amistad values ('user89', 'user97');
insert into Amistad values ('user97', 'user89');
insert into Amistad values ('user89', 'user104');
insert into Amistad values ('user104', 'user89');
insert into Amistad values ('user90', 'user96');
insert into Amistad values ('user96', 'user90');
insert into Amistad values ('user90', 'user97');
insert into Amistad values ('user97', 'user90');
insert into Amistad values ('user90', 'user104');
insert into Amistad values ('user104', 'user90');
insert into Amistad values ('user93', 'user128');
insert into Amistad values ('user128', 'user93');
insert into Amistad values ('user94', 'user99');
insert into Amistad values ('user99', 'user94');
insert into Amistad values ('user94', 'user108');
insert into Amistad values ('user108', 'user94');
insert into Amistad values ('user98', 'user106');
insert into Amistad values ('user106', 'user98');
insert into Amistad values ('user98', 'user127');
insert into Amistad values ('user127', 'user98');
insert into Amistad values ('user99', 'user113');
insert into Amistad values ('user113', 'user99');
insert into Amistad values ('user100', 'user111');
insert into Amistad values ('user111', 'user100');
insert into Amistad values ('user100', 'user112');
insert into Amistad values ('user112', 'user100');
insert into Amistad values ('user101', 'user112');
insert into Amistad values ('user112', 'user101');
insert into Amistad values ('user103', 'user107');
insert into Amistad values ('user107', 'user103');
insert into Amistad values ('user105', 'user127');
insert into Amistad values ('user127', 'user105');
insert into Amistad values ('user108', 'user121');
insert into Amistad values ('user121', 'user108');
insert into Amistad values ('user108', 'user130');
insert into Amistad values ('user130', 'user108');
insert into Amistad values ('user109', 'user121');
insert into Amistad values ('user121', 'user109');
insert into Amistad values ('user111', 'user121');
insert into Amistad values ('user121', 'user111');
insert into Amistad values ('user112', 'user127');
insert into Amistad values ('user127', 'user112');
insert into Amistad values ('user113', 'user123');
insert into Amistad values ('user123', 'user113');
insert into Amistad values ('user114', 'user125');
insert into Amistad values ('user125', 'user114');
insert into Amistad values ('user114', 'user130');
insert into Amistad values ('user130', 'user114');
insert into Amistad values ('user114', 'user131');
insert into Amistad values ('user131', 'user114');
insert into Amistad values ('user115', 'user117');
insert into Amistad values ('user117', 'user115');
insert into Amistad values ('user115', 'user128');
insert into Amistad values ('user128', 'user115');
insert into Amistad values ('user116', 'user120');
insert into Amistad values ('user120', 'user116');
insert into Amistad values ('user118', 'user122');
insert into Amistad values ('user122', 'user118');
insert into Amistad values ('user118', 'user124');
insert into Amistad values ('user124', 'user118');
insert into Amistad values ('user118', 'user128');
insert into Amistad values ('user128', 'user118');
insert into Amistad values ('user118', 'user134');
insert into Amistad values ('user134', 'user118');
insert into Amistad values ('user119', 'user123');
insert into Amistad values ('user123', 'user119');
insert into Amistad values ('user120', 'user122');
insert into Amistad values ('user122', 'user120');
insert into Amistad values ('user123', 'user126');
insert into Amistad values ('user126', 'user123');
insert into Amistad values ('user126', 'user133');
insert into Amistad values ('user133', 'user126');
insert into Amistad values ('user127', 'user130');
insert into Amistad values ('user130', 'user127');
insert into Amistad values ('user129', 'user131');
insert into Amistad values ('user131', 'user129');
insert into Miembro values ('user0', 'group6');
insert into Miembro values ('user0', 'group7');
insert into Miembro values ('user0', 'group9');
insert into Miembro values ('user0', 'group21');
insert into Miembro values ('user0', 'group24');
insert into Miembro values ('user0', 'group30');
insert into Miembro values ('user0', 'group36');
insert into Miembro values ('user1', 'group5');
insert into Miembro values ('user1', 'group7');
insert into Miembro values ('user1', 'group13');
insert into Miembro values ('user1', 'group14');
insert into Miembro values ('user1', 'group21');
insert into Miembro values ('user2', 'group1');
insert into Miembro values ('user2', 'group7');
insert into Miembro values ('user2', 'group13');
insert into Miembro values ('user2', 'group23');
insert into Miembro values ('user2', 'group24');
insert into Miembro values ('user2', 'group32');
insert into Miembro values ('user3', 'group2');
insert into Miembro values ('user3', 'group24');
insert into Miembro values ('user3', 'group35');
insert into Miembro values ('user4', 'group18');
insert into Miembro values ('user4', 'group23');
insert into Miembro values ('user5', 'group5');
insert into Miembro values ('user5', 'group7');
insert into Miembro values ('user5', 'group8');
insert into Miembro values ('user5', 'group9');
insert into Miembro values ('user5', 'group15');
insert into Miembro values ('user6', 'group7');
insert into Miembro values ('user6', 'group12');
insert into Miembro values ('user6', 'group13');
insert into Miembro values ('user6', 'group15');
insert into Miembro values ('user6', 'group26');
insert into Miembro values ('user7', 'group2');
insert into Miembro values ('user7', 'group23');
insert into Miembro values ('user7', 'group28');
insert into Miembro values ('user7', 'group30');
insert into Miembro values ('user8', 'group2');
insert into Miembro values ('user8', 'group8');
insert into Miembro values ('user8', 'group21');
insert into Miembro values ('user8', 'group29');
insert into Miembro values ('user8', 'group30');
insert into Miembro values ('user8', 'group32');
insert into Miembro values ('user9', 'group0');
insert into Miembro values ('user9', 'group18');
insert into Miembro values ('user10', 'group5');
insert into Miembro values ('user10', 'group6');
insert into Miembro values ('user10', 'group22');
insert into Miembro values ('user10', 'group24');
insert into Miembro values ('user10', 'group28');
insert into Miembro values ('user11', 'group2');
insert into Miembro values ('user11', 'group8');
insert into Miembro values ('user11', 'group10');
insert into Miembro values ('user11', 'group12');
insert into Miembro values ('user11', 'group25');
insert into Miembro values ('user11', 'group30');
insert into Miembro values ('user13', 'group3');
insert into Miembro values ('user13', 'group25');
insert into Miembro values ('user13', 'group32');
insert into Miembro values ('user13', 'group34');
insert into Miembro values ('user14', 'group1');
insert into Miembro values ('user14', 'group15');
insert into Miembro values ('user14', 'group16');
insert into Miembro values ('user14', 'group26');
insert into Miembro values ('user14', 'group34');
insert into Miembro values ('user15', 'group6');
insert into Miembro values ('user15', 'group9');
insert into Miembro values ('user15', 'group27');
insert into Miembro values ('user15', 'group35');
insert into Miembro values ('user16', 'group6');
insert into Miembro values ('user16', 'group7');
insert into Miembro values ('user16', 'group10');
insert into Miembro values ('user16', 'group17');
insert into Miembro values ('user16', 'group19');
insert into Miembro values ('user16', 'group22');
insert into Miembro values ('user16', 'group29');
insert into Miembro values ('user16', 'group36');
insert into Miembro values ('user17', 'group0');
insert into Miembro values ('user17', 'group11');
insert into Miembro values ('user17', 'group17');
insert into Miembro values ('user17', 'group20');
insert into Miembro values ('user17', 'group21');
insert into Miembro values ('user17', 'group28');
insert into Miembro values ('user17', 'group33');
insert into Miembro values ('user17', 'group34');
insert into Miembro values ('user18', 'group13');
insert into Miembro values ('user18', 'group14');
insert into Miembro values ('user18', 'group35');
insert into Miembro values ('user19', 'group10');
insert into Miembro values ('user19', 'group14');
insert into Miembro values ('user19', 'group25');
insert into Miembro values ('user20', 'group1');
insert into Miembro values ('user20', 'group2');
insert into Miembro values ('user20', 'group6');
insert into Miembro values ('user20', 'group9');
insert into Miembro values ('user20', 'group16');
insert into Miembro values ('user20', 'group19');
insert into Miembro values ('user20', 'group20');
insert into Miembro values ('user20', 'group29');
insert into Miembro values ('user21', 'group0');
insert into Miembro values ('user21', 'group1');
insert into Miembro values ('user21', 'group7');
insert into Miembro values ('user21', 'group19');
insert into Miembro values ('user21', 'group24');
insert into Miembro values ('user21', 'group31');
insert into Miembro values ('user21', 'group33');
insert into Miembro values ('user22', 'group10');
insert into Miembro values ('user22', 'group15');
insert into Miembro values ('user23', 'group31');
insert into Miembro values ('user24', 'group0');
insert into Miembro values ('user24', 'group1');
insert into Miembro values ('user24', 'group12');
insert into Miembro values ('user24', 'group13');
insert into Miembro values ('user24', 'group16');
insert into Miembro values ('user24', 'group24');
insert into Miembro values ('user24', 'group26');
insert into Miembro values ('user24', 'group29');
insert into Miembro values ('user25', 'group0');
insert into Miembro values ('user25', 'group36');
insert into Miembro values ('user26', 'group6');
insert into Miembro values ('user26', 'group20');
insert into Miembro values ('user26', 'group25');
insert into Miembro values ('user26', 'group27');
insert into Miembro values ('user26', 'group31');
insert into Miembro values ('user27', 'group3');
insert into Miembro values ('user27', 'group8');
insert into Miembro values ('user27', 'group15');
insert into Miembro values ('user27', 'group16');
insert into Miembro values ('user27', 'group18');
insert into Miembro values ('user27', 'group24');
insert into Miembro values ('user27', 'group28');
insert into Miembro values ('user27', 'group29');
insert into Miembro values ('user27', 'group36');
insert into Miembro values ('user28', 'group0');
insert into Miembro values ('user28', 'group19');
insert into Miembro values ('user28', 'group20');
insert into Miembro values ('user28', 'group29');
insert into Miembro values ('user28', 'group32');
insert into Miembro values ('user29', 'group13');
insert into Miembro values ('user29', 'group17');
insert into Miembro values ('user29', 'group31');
insert into Miembro values ('user30', 'group6');
insert into Miembro values ('user30', 'group27');
insert into Miembro values ('user30', 'group29');
insert into Miembro values ('user30', 'group30');
insert into Miembro values ('user30', 'group34');
insert into Miembro values ('user31', 'group4');
insert into Miembro values ('user31', 'group5');
insert into Miembro values ('user31', 'group17');
insert into Miembro values ('user31', 'group21');
insert into Miembro values ('user31', 'group24');
insert into Miembro values ('user31', 'group25');
insert into Miembro values ('user31', 'group31');
insert into Miembro values ('user31', 'group35');
insert into Miembro values ('user32', 'group3');
insert into Miembro values ('user32', 'group4');
insert into Miembro values ('user32', 'group18');
insert into Miembro values ('user32', 'group32');
insert into Miembro values ('user32', 'group33');
insert into Miembro values ('user33', 'group9');
insert into Miembro values ('user33', 'group14');
insert into Miembro values ('user33', 'group15');
insert into Miembro values ('user33', 'group16');
insert into Miembro values ('user33', 'group21');
insert into Miembro values ('user33', 'group23');
insert into Miembro values ('user33', 'group28');
insert into Miembro values ('user33', 'group31');
insert into Miembro values ('user33', 'group34');
insert into Miembro values ('user34', 'group1');
insert into Miembro values ('user34', 'group29');
insert into Miembro values ('user35', 'group4');
insert into Miembro values ('user35', 'group8');
insert into Miembro values ('user35', 'group12');
insert into Miembro values ('user35', 'group19');
insert into Miembro values ('user35', 'group28');
insert into Miembro values ('user35', 'group35');
insert into Miembro values ('user35', 'group36');
insert into Miembro values ('user36', 'group6');
insert into Miembro values ('user36', 'group11');
insert into Miembro values ('user36', 'group14');
insert into Miembro values ('user36', 'group19');
insert into Miembro values ('user36', 'group20');
insert into Miembro values ('user37', 'group29');
insert into Miembro values ('user38', 'group5');
insert into Miembro values ('user38', 'group20');
insert into Miembro values ('user39', 'group21');
insert into Miembro values ('user40', 'group21');
insert into Miembro values ('user40', 'group35');
insert into Miembro values ('user41', 'group10');
insert into Miembro values ('user41', 'group16');
insert into Miembro values ('user41', 'group20');
insert into Miembro values ('user41', 'group24');
insert into Miembro values ('user41', 'group26');
insert into Miembro values ('user41', 'group33');
insert into Miembro values ('user42', 'group3');
insert into Miembro values ('user42', 'group4');
insert into Miembro values ('user42', 'group9');
insert into Miembro values ('user42', 'group10');
insert into Miembro values ('user42', 'group12');
insert into Miembro values ('user42', 'group21');
insert into Miembro values ('user42', 'group24');
insert into Miembro values ('user42', 'group28');
insert into Miembro values ('user42', 'group29');
insert into Miembro values ('user43', 'group0');
insert into Miembro values ('user43', 'group2');
insert into Miembro values ('user43', 'group9');
insert into Miembro values ('user43', 'group10');
insert into Miembro values ('user43', 'group11');
insert into Miembro values ('user43', 'group14');
insert into Miembro values ('user43', 'group24');
insert into Miembro values ('user43', 'group25');
insert into Miembro values ('user43', 'group34');
insert into Miembro values ('user43', 'group36');
insert into Miembro values ('user44', 'group0');
insert into Miembro values ('user44', 'group2');
insert into Miembro values ('user44', 'group4');
insert into Miembro values ('user44', 'group17');
insert into Miembro values ('user44', 'group23');
insert into Miembro values ('user44', 'group35');
insert into Miembro values ('user45', 'group1');
insert into Miembro values ('user45', 'group2');
insert into Miembro values ('user45', 'group4');
insert into Miembro values ('user45', 'group9');
insert into Miembro values ('user45', 'group19');
insert into Miembro values ('user45', 'group21');
insert into Miembro values ('user45', 'group23');
insert into Miembro values ('user45', 'group28');
insert into Miembro values ('user46', 'group0');
insert into Miembro values ('user46', 'group1');
insert into Miembro values ('user46', 'group6');
insert into Miembro values ('user46', 'group31');
insert into Miembro values ('user47', 'group9');
insert into Miembro values ('user47', 'group11');
insert into Miembro values ('user47', 'group17');
insert into Miembro values ('user47', 'group24');
insert into Miembro values ('user47', 'group25');
insert into Miembro values ('user47', 'group26');
insert into Miembro values ('user47', 'group29');
insert into Miembro values ('user47', 'group32');
insert into Miembro values ('user47', 'group34');
insert into Miembro values ('user47', 'group36');
insert into Miembro values ('user48', 'group5');
insert into Miembro values ('user48', 'group14');
insert into Miembro values ('user48', 'group17');
insert into Miembro values ('user48', 'group36');
insert into Miembro values ('user49', 'group9');
insert into Miembro values ('user49', 'group13');
insert into Miembro values ('user49', 'group33');
insert into Miembro values ('user50', 'group8');
insert into Miembro values ('user50', 'group23');
insert into Miembro values ('user50', 'group30');
insert into Miembro values ('user51', 'group1');
insert into Miembro values ('user51', 'group11');
insert into Miembro values ('user51', 'group16');
insert into Miembro values ('user51', 'group17');
insert into Miembro values ('user51', 'group26');
insert into Miembro values ('user51', 'group29');
insert into Miembro values ('user52', 'group22');
insert into Miembro values ('user53', 'group18');
insert into Miembro values ('user53', 'group19');
insert into Miembro values ('user53', 'group22');
insert into Miembro values ('user54', 'group7');
insert into Miembro values ('user54', 'group12');
insert into Miembro values ('user54', 'group18');
insert into Miembro values ('user54', 'group28');
insert into Miembro values ('user55', 'group0');
insert into Miembro values ('user55', 'group10');
insert into Miembro values ('user55', 'group14');
insert into Miembro values ('user55', 'group15');
insert into Miembro values ('user55', 'group24');
insert into Miembro values ('user55', 'group27');
insert into Miembro values ('user55', 'group36');
insert into Miembro values ('user56', 'group0');
insert into Miembro values ('user56', 'group10');
insert into Miembro values ('user56', 'group32');
insert into Miembro values ('user56', 'group34');
insert into Miembro values ('user56', 'group35');
insert into Miembro values ('user57', 'group14');
insert into Miembro values ('user57', 'group22');
insert into Miembro values ('user57', 'group24');
insert into Miembro values ('user57', 'group27');
insert into Miembro values ('user57', 'group30');
insert into Miembro values ('user57', 'group33');
insert into Miembro values ('user58', 'group0');
insert into Miembro values ('user58', 'group6');
insert into Miembro values ('user58', 'group12');
insert into Miembro values ('user58', 'group19');
insert into Miembro values ('user58', 'group20');
insert into Miembro values ('user58', 'group22');
insert into Miembro values ('user58', 'group28');
insert into Miembro values ('user58', 'group30');
insert into Miembro values ('user58', 'group35');
insert into Miembro values ('user59', 'group11');
insert into Miembro values ('user59', 'group12');
insert into Miembro values ('user60', 'group5');
insert into Miembro values ('user60', 'group13');
insert into Miembro values ('user60', 'group14');
insert into Miembro values ('user60', 'group16');
insert into Miembro values ('user60', 'group20');
insert into Miembro values ('user60', 'group25');
insert into Miembro values ('user61', 'group5');
insert into Miembro values ('user61', 'group27');
insert into Miembro values ('user61', 'group32');
insert into Miembro values ('user62', 'group9');
insert into Miembro values ('user62', 'group13');
insert into Miembro values ('user62', 'group26');
insert into Miembro values ('user62', 'group28');
insert into Miembro values ('user62', 'group33');
insert into Miembro values ('user63', 'group6');
insert into Miembro values ('user63', 'group18');
insert into Miembro values ('user63', 'group20');
insert into Miembro values ('user64', 'group10');
insert into Miembro values ('user64', 'group14');
insert into Miembro values ('user64', 'group20');
insert into Miembro values ('user64', 'group24');
insert into Miembro values ('user64', 'group29');
insert into Miembro values ('user65', 'group9');
insert into Miembro values ('user65', 'group14');
insert into Miembro values ('user65', 'group34');
insert into Miembro values ('user66', 'group7');
insert into Miembro values ('user66', 'group13');
insert into Miembro values ('user66', 'group19');
insert into Miembro values ('user66', 'group21');
insert into Miembro values ('user66', 'group26');
insert into Miembro values ('user66', 'group30');
insert into Miembro values ('user67', 'group11');
insert into Miembro values ('user67', 'group14');
insert into Miembro values ('user67', 'group29');
insert into Miembro values ('user67', 'group35');
insert into Miembro values ('user68', 'group12');
insert into Miembro values ('user68', 'group14');
insert into Miembro values ('user68', 'group18');
insert into Miembro values ('user68', 'group22');
insert into Miembro values ('user69', 'group19');
insert into Miembro values ('user69', 'group27');
insert into Miembro values ('user69', 'group34');
insert into Miembro values ('user70', 'group3');
insert into Miembro values ('user70', 'group12');
insert into Miembro values ('user70', 'group13');
insert into Miembro values ('user70', 'group15');
insert into Miembro values ('user70', 'group22');
insert into Miembro values ('user70', 'group25');
insert into Miembro values ('user70', 'group26');
insert into Miembro values ('user71', 'group1');
insert into Miembro values ('user71', 'group12');
insert into Miembro values ('user71', 'group13');
insert into Miembro values ('user71', 'group18');
insert into Miembro values ('user71', 'group23');
insert into Miembro values ('user72', 'group2');
insert into Miembro values ('user72', 'group6');
insert into Miembro values ('user73', 'group0');
insert into Miembro values ('user73', 'group17');
insert into Miembro values ('user73', 'group23');
insert into Miembro values ('user73', 'group29');
insert into Miembro values ('user74', 'group0');
insert into Miembro values ('user74', 'group6');
insert into Miembro values ('user74', 'group13');
insert into Miembro values ('user74', 'group32');
insert into Miembro values ('user74', 'group33');
insert into Miembro values ('user74', 'group34');
insert into Miembro values ('user75', 'group1');
insert into Miembro values ('user75', 'group8');
insert into Miembro values ('user75', 'group15');
insert into Miembro values ('user75', 'group24');
insert into Miembro values ('user75', 'group26');
insert into Miembro values ('user75', 'group31');
insert into Miembro values ('user75', 'group35');
insert into Miembro values ('user75', 'group36');
insert into Miembro values ('user76', 'group0');
insert into Miembro values ('user76', 'group11');
insert into Miembro values ('user76', 'group15');
insert into Miembro values ('user76', 'group16');
insert into Miembro values ('user76', 'group21');
insert into Miembro values ('user77', 'group3');
insert into Miembro values ('user77', 'group4');
insert into Miembro values ('user77', 'group5');
insert into Miembro values ('user77', 'group8');
insert into Miembro values ('user77', 'group11');
insert into Miembro values ('user77', 'group16');
insert into Miembro values ('user77', 'group17');
insert into Miembro values ('user77', 'group23');
insert into Miembro values ('user77', 'group25');
insert into Miembro values ('user77', 'group33');
insert into Miembro values ('user78', 'group8');
insert into Miembro values ('user78', 'group9');
insert into Miembro values ('user78', 'group25');
insert into Miembro values ('user78', 'group27');
insert into Miembro values ('user79', 'group11');
insert into Miembro values ('user79', 'group21');
insert into Miembro values ('user79', 'group24');
insert into Miembro values ('user79', 'group32');
insert into Miembro values ('user80', 'group2');
insert into Miembro values ('user80', 'group6');
insert into Miembro values ('user80', 'group18');
insert into Miembro values ('user80', 'group19');
insert into Miembro values ('user81', 'group9');
insert into Miembro values ('user81', 'group16');
insert into Miembro values ('user81', 'group28');
insert into Miembro values ('user82', 'group12');
insert into Miembro values ('user83', 'group4');
insert into Miembro values ('user83', 'group14');
insert into Miembro values ('user83', 'group31');
insert into Miembro values ('user84', 'group3');
insert into Miembro values ('user84', 'group10');
insert into Miembro values ('user84', 'group12');
insert into Miembro values ('user84', 'group17');
insert into Miembro values ('user84', 'group29');
insert into Miembro values ('user84', 'group31');
insert into Miembro values ('user86', 'group2');
insert into Miembro values ('user86', 'group18');
insert into Miembro values ('user86', 'group22');
insert into Miembro values ('user86', 'group26');
insert into Miembro values ('user86', 'group30');
insert into Miembro values ('user87', 'group1');
insert into Miembro values ('user87', 'group5');
insert into Miembro values ('user87', 'group17');
insert into Miembro values ('user87', 'group24');
insert into Miembro values ('user87', 'group29');
insert into Miembro values ('user87', 'group33');
insert into Miembro values ('user88', 'group0');
insert into Miembro values ('user88', 'group3');
insert into Miembro values ('user88', 'group8');
insert into Miembro values ('user88', 'group35');
insert into Miembro values ('user89', 'group14');
insert into Miembro values ('user89', 'group21');
insert into Miembro values ('user89', 'group30');
insert into Miembro values ('user90', 'group8');
insert into Miembro values ('user90', 'group10');
insert into Miembro values ('user90', 'group11');
insert into Miembro values ('user90', 'group14');
insert into Miembro values ('user90', 'group20');
insert into Miembro values ('user90', 'group21');
insert into Miembro values ('user90', 'group26');
insert into Miembro values ('user91', 'group0');
insert into Miembro values ('user91', 'group9');
insert into Miembro values ('user91', 'group14');
insert into Miembro values ('user91', 'group28');
insert into Miembro values ('user91', 'group29');
insert into Miembro values ('user91', 'group31');
insert into Miembro values ('user92', 'group5');
insert into Miembro values ('user92', 'group6');
insert into Miembro values ('user92', 'group17');
insert into Miembro values ('user92', 'group32');
insert into Miembro values ('user93', 'group3');
insert into Miembro values ('user93', 'group8');
insert into Miembro values ('user93', 'group9');
insert into Miembro values ('user93', 'group12');
insert into Miembro values ('user93', 'group25');
insert into Miembro values ('user94', 'group2');
insert into Miembro values ('user94', 'group4');
insert into Miembro values ('user94', 'group24');
insert into Miembro values ('user94', 'group33');
insert into Miembro values ('user94', 'group34');
insert into Miembro values ('user94', 'group36');
insert into Miembro values ('user95', 'group5');
insert into Miembro values ('user95', 'group12');
insert into Miembro values ('user95', 'group14');
insert into Miembro values ('user95', 'group16');
insert into Miembro values ('user95', 'group17');
insert into Miembro values ('user95', 'group36');
insert into Miembro values ('user96', 'group10');
insert into Miembro values ('user96', 'group19');
insert into Miembro values ('user96', 'group20');
insert into Miembro values ('user96', 'group25');
insert into Miembro values ('user96', 'group29');
insert into Miembro values ('user97', 'group12');
insert into Miembro values ('user97', 'group34');
insert into Miembro values ('user98', 'group4');
insert into Miembro values ('user98', 'group5');
insert into Miembro values ('user98', 'group14');
insert into Miembro values ('user98', 'group15');
insert into Miembro values ('user98', 'group21');
insert into Miembro values ('user98', 'group26');
insert into Miembro values ('user98', 'group30');
insert into Miembro values ('user99', 'group6');
insert into Miembro values ('user99', 'group8');
insert into Miembro values ('user99', 'group11');
insert into Miembro values ('user99', 'group13');
insert into Miembro values ('user99', 'group15');
insert into Miembro values ('user99', 'group16');
insert into Miembro values ('user99', 'group21');
insert into Miembro values ('user99', 'group36');
insert into Miembro values ('user100', 'group4');
insert into Miembro values ('user100', 'group12');
insert into Miembro values ('user100', 'group13');
insert into Miembro values ('user100', 'group17');
insert into Miembro values ('user101', 'group19');
insert into Miembro values ('user101', 'group31');
insert into Miembro values ('user101', 'group33');
insert into Miembro values ('user102', 'group2');
insert into Miembro values ('user102', 'group3');
insert into Miembro values ('user102', 'group13');
insert into Miembro values ('user102', 'group15');
insert into Miembro values ('user102', 'group29');
insert into Miembro values ('user103', 'group5');
insert into Miembro values ('user103', 'group14');
insert into Miembro values ('user103', 'group31');
insert into Miembro values ('user103', 'group33');
insert into Miembro values ('user104', 'group4');
insert into Miembro values ('user104', 'group8');
insert into Miembro values ('user104', 'group10');
insert into Miembro values ('user104', 'group30');
insert into Miembro values ('user104', 'group31');
insert into Miembro values ('user104', 'group33');
insert into Miembro values ('user104', 'group36');
insert into Miembro values ('user105', 'group6');
insert into Miembro values ('user105', 'group8');
insert into Miembro values ('user105', 'group15');
insert into Miembro values ('user105', 'group17');
insert into Miembro values ('user105', 'group29');
insert into Miembro values ('user105', 'group30');
insert into Miembro values ('user106', 'group1');
insert into Miembro values ('user106', 'group3');
insert into Miembro values ('user106', 'group10');
insert into Miembro values ('user106', 'group12');
insert into Miembro values ('user106', 'group14');
insert into Miembro values ('user106', 'group34');
insert into Miembro values ('user106', 'group36');
insert into Miembro values ('user107', 'group0');
insert into Miembro values ('user107', 'group2');
insert into Miembro values ('user107', 'group5');
insert into Miembro values ('user107', 'group11');
insert into Miembro values ('user107', 'group14');
insert into Miembro values ('user107', 'group19');
insert into Miembro values ('user107', 'group21');
insert into Miembro values ('user107', 'group36');
insert into Miembro values ('user108', 'group1');
insert into Miembro values ('user108', 'group15');
insert into Miembro values ('user108', 'group22');
insert into Miembro values ('user108', 'group23');
insert into Miembro values ('user108', 'group28');
insert into Miembro values ('user108', 'group29');
insert into Miembro values ('user108', 'group33');
insert into Miembro values ('user109', 'group16');
insert into Miembro values ('user109', 'group27');
insert into Miembro values ('user110', 'group3');
insert into Miembro values ('user110', 'group11');
insert into Miembro values ('user110', 'group16');
insert into Miembro values ('user110', 'group23');
insert into Miembro values ('user110', 'group24');
insert into Miembro values ('user110', 'group30');
insert into Miembro values ('user110', 'group35');
insert into Miembro values ('user111', 'group0');
insert into Miembro values ('user111', 'group3');
insert into Miembro values ('user111', 'group4');
insert into Miembro values ('user111', 'group10');
insert into Miembro values ('user111', 'group19');
insert into Miembro values ('user111', 'group23');
insert into Miembro values ('user111', 'group27');
insert into Miembro values ('user111', 'group30');
insert into Miembro values ('user111', 'group32');
insert into Miembro values ('user111', 'group36');
insert into Miembro values ('user112', 'group3');
insert into Miembro values ('user112', 'group24');
insert into Miembro values ('user112', 'group25');
insert into Miembro values ('user112', 'group28');
insert into Miembro values ('user113', 'group1');
insert into Miembro values ('user113', 'group15');
insert into Miembro values ('user113', 'group24');
insert into Miembro values ('user113', 'group33');
insert into Miembro values ('user114', 'group11');
insert into Miembro values ('user114', 'group18');
insert into Miembro values ('user114', 'group26');
insert into Miembro values ('user114', 'group28');
insert into Miembro values ('user114', 'group30');
insert into Miembro values ('user114', 'group31');
insert into Miembro values ('user115', 'group3');
insert into Miembro values ('user115', 'group4');
insert into Miembro values ('user115', 'group15');
insert into Miembro values ('user115', 'group16');
insert into Miembro values ('user115', 'group17');
insert into Miembro values ('user115', 'group18');
insert into Miembro values ('user115', 'group31');
insert into Miembro values ('user116', 'group10');
insert into Miembro values ('user116', 'group24');
insert into Miembro values ('user116', 'group29');
insert into Miembro values ('user116', 'group30');
insert into Miembro values ('user117', 'group5');
insert into Miembro values ('user117', 'group8');
insert into Miembro values ('user117', 'group10');
insert into Miembro values ('user117', 'group15');
insert into Miembro values ('user117', 'group17');
insert into Miembro values ('user117', 'group24');
insert into Miembro values ('user117', 'group34');
insert into Miembro values ('user118', 'group10');
insert into Miembro values ('user118', 'group15');
insert into Miembro values ('user118', 'group19');
insert into Miembro values ('user118', 'group21');
insert into Miembro values ('user118', 'group25');
insert into Miembro values ('user118', 'group27');
insert into Miembro values ('user118', 'group36');
insert into Miembro values ('user119', 'group13');
insert into Miembro values ('user119', 'group14');
insert into Miembro values ('user119', 'group15');
insert into Miembro values ('user119', 'group26');
insert into Miembro values ('user119', 'group32');
insert into Miembro values ('user120', 'group4');
insert into Miembro values ('user120', 'group9');
insert into Miembro values ('user120', 'group12');
insert into Miembro values ('user120', 'group19');
insert into Miembro values ('user120', 'group22');
insert into Miembro values ('user120', 'group26');
insert into Miembro values ('user120', 'group33');
insert into Miembro values ('user121', 'group3');
insert into Miembro values ('user121', 'group9');
insert into Miembro values ('user121', 'group11');
insert into Miembro values ('user121', 'group30');
insert into Miembro values ('user121', 'group33');
insert into Miembro values ('user121', 'group35');
insert into Miembro values ('user122', 'group3');
insert into Miembro values ('user122', 'group33');
insert into Miembro values ('user123', 'group4');
insert into Miembro values ('user123', 'group8');
insert into Miembro values ('user123', 'group16');
insert into Miembro values ('user123', 'group17');
insert into Miembro values ('user123', 'group28');
insert into Miembro values ('user124', 'group6');
insert into Miembro values ('user125', 'group0');
insert into Miembro values ('user125', 'group4');
insert into Miembro values ('user125', 'group6');
insert into Miembro values ('user125', 'group9');
insert into Miembro values ('user125', 'group13');
insert into Miembro values ('user125', 'group21');
insert into Miembro values ('user125', 'group30');
insert into Miembro values ('user125', 'group32');
insert into Miembro values ('user126', 'group16');
insert into Miembro values ('user126', 'group21');
insert into Miembro values ('user126', 'group24');
insert into Miembro values ('user126', 'group27');
insert into Miembro values ('user126', 'group29');
insert into Miembro values ('user126', 'group31');
insert into Miembro values ('user127', 'group0');
insert into Miembro values ('user127', 'group11');
insert into Miembro values ('user127', 'group12');
insert into Miembro values ('user127', 'group19');
insert into Miembro values ('user127', 'group21');
insert into Miembro values ('user127', 'group33');
insert into Miembro values ('user128', 'group5');
insert into Miembro values ('user128', 'group18');
insert into Miembro values ('user128', 'group19');
insert into Miembro values ('user128', 'group22');
insert into Miembro values ('user128', 'group27');
insert into Miembro values ('user128', 'group30');
insert into Miembro values ('user128', 'group31');
insert into Miembro values ('user129', 'group0');
insert into Miembro values ('user129', 'group10');
insert into Miembro values ('user129', 'group12');
insert into Miembro values ('user129', 'group14');
insert into Miembro values ('user129', 'group25');
insert into Miembro values ('user129', 'group30');
insert into Miembro values ('user129', 'group32');
insert into Miembro values ('user129', 'group34');
insert into Miembro values ('user130', 'group19');
insert into Miembro values ('user130', 'group22');
insert into Miembro values ('user130', 'group28');
insert into Miembro values ('user131', 'group12');
insert into Miembro values ('user131', 'group18');
insert into Miembro values ('user131', 'group21');
insert into Miembro values ('user131', 'group29');
insert into Miembro values ('user131', 'group33');
insert into Miembro values ('user132', 'group18');
insert into Miembro values ('user132', 'group23');
insert into Miembro values ('user132', 'group24');
insert into Miembro values ('user132', 'group25');
insert into Miembro values ('user132', 'group31');
insert into Miembro values ('user132', 'group36');
insert into Miembro values ('user133', 'group2');
insert into Miembro values ('user133', 'group5');
insert into Miembro values ('user133', 'group15');
insert into Miembro values ('user133', 'group18');
insert into Miembro values ('user133', 'group26');
insert into Miembro values ('user134', 'group3');
insert into Miembro values ('user134', 'group6');
insert into Miembro values ('user134', 'group12');
insert into Miembro values ('user134', 'group24');
insert into Miembro values ('user134', 'group30');
insert into Miembro values ('user134', 'group33');
insert into Estado values ('user0', '2009-09-07', 'This is Estado update number 0 by user0');
insert into Estado values ('user0', '2009-09-11', 'This is Estado update number 1 by user0');
insert into Estado values ('user1', '2009-09-07', 'This is Estado update number 0 by user1');
insert into Estado values ('user2', '2009-09-11', 'This is Estado update number 0 by user2');
insert into Estado values ('user2', '2009-09-04', 'This is Estado update number 1 by user2');
insert into Estado values ('user3', '2009-09-07', 'This is Estado update number 0 by user3');
insert into Estado values ('user3', '2009-09-03', 'This is Estado update number 1 by user3');
insert into Estado values ('user4', '2009-09-02', 'This is Estado update number 0 by user4');
insert into Estado values ('user4', '2009-09-06', 'This is Estado update number 1 by user4');
insert into Estado values ('user6', '2009-09-05', 'This is Estado update number 0 by user6');
insert into Estado values ('user6', '2009-09-02', 'This is Estado update number 1 by user6');
insert into Estado values ('user6', '2009-09-07', 'This is Estado update number 2 by user6');
insert into Estado values ('user7', '2009-09-06', 'This is Estado update number 0 by user7');
insert into Estado values ('user8', '2009-09-05', 'This is Estado update number 0 by user8');
insert into Estado values ('user8', '2009-09-04', 'This is Estado update number 1 by user8');
insert into Estado values ('user8', '2009-09-06', 'This is Estado update number 2 by user8');
insert into Estado values ('user9', '2009-09-10', 'This is Estado update number 0 by user9');
insert into Estado values ('user9', '2009-09-03', 'This is Estado update number 1 by user9');
insert into Estado values ('user10', '2009-09-07', 'This is Estado update number 0 by user10');
insert into Estado values ('user11', '2009-09-04', 'This is Estado update number 0 by user11');
insert into Estado values ('user12', '2009-09-04', 'This is Estado update number 0 by user12');
insert into Estado values ('user13', '2009-09-09', 'This is Estado update number 0 by user13');
insert into Estado values ('user13', '2009-09-11', 'This is Estado update number 1 by user13');
insert into Estado values ('user13', '2009-09-10', 'This is Estado update number 2 by user13');
insert into Estado values ('user14', '2009-09-06', 'This is Estado update number 0 by user14');
insert into Estado values ('user15', '2009-09-04', 'This is Estado update number 0 by user15');
insert into Estado values ('user15', '2009-09-08', 'This is Estado update number 1 by user15');
insert into Estado values ('user16', '2009-09-02', 'This is Estado update number 0 by user16');
insert into Estado values ('user16', '2009-09-11', 'This is Estado update number 1 by user16');
insert into Estado values ('user17', '2009-09-04', 'This is Estado update number 0 by user17');
insert into Estado values ('user17', '2009-09-07', 'This is Estado update number 1 by user17');
insert into Estado values ('user18', '2009-09-07', 'This is Estado update number 0 by user18');
insert into Estado values ('user18', '2009-09-11', 'This is Estado update number 1 by user18');
insert into Estado values ('user19', '2009-09-02', 'This is Estado update number 0 by user19');
insert into Estado values ('user19', '2009-09-08', 'This is Estado update number 1 by user19');
insert into Estado values ('user20', '2009-09-09', 'This is Estado update number 0 by user20');
insert into Estado values ('user20', '2009-09-05', 'This is Estado update number 1 by user20');
insert into Estado values ('user21', '2009-09-02', 'This is Estado update number 0 by user21');
insert into Estado values ('user21', '2009-09-06', 'This is Estado update number 1 by user21');
insert into Estado values ('user22', '2009-09-03', 'This is Estado update number 0 by user22');
insert into Estado values ('user22', '2009-09-05', 'This is Estado update number 1 by user22');
insert into Estado values ('user23', '2009-09-04', 'This is Estado update number 0 by user23');
insert into Estado values ('user23', '2009-09-11', 'This is Estado update number 1 by user23');
insert into Estado values ('user24', '2009-09-07', 'This is Estado update number 0 by user24');
insert into Estado values ('user24', '2009-09-04', 'This is Estado update number 1 by user24');
insert into Estado values ('user24', '2009-09-03', 'This is Estado update number 2 by user24');
insert into Estado values ('user25', '2009-09-09', 'This is Estado update number 0 by user25');
insert into Estado values ('user26', '2009-09-11', 'This is Estado update number 0 by user26');
insert into Estado values ('user27', '2009-09-03', 'This is Estado update number 0 by user27');
insert into Estado values ('user27', '2009-09-01', 'This is Estado update number 1 by user27');
insert into Estado values ('user28', '2009-09-09', 'This is Estado update number 0 by user28');
insert into Estado values ('user29', '2009-09-09', 'This is Estado update number 0 by user29');
insert into Estado values ('user29', '2009-09-04', 'This is Estado update number 1 by user29');
insert into Estado values ('user29', '2009-09-02', 'This is Estado update number 2 by user29');
insert into Estado values ('user30', '2009-09-07', 'This is Estado update number 0 by user30');
insert into Estado values ('user30', '2009-09-05', 'This is Estado update number 1 by user30');
insert into Estado values ('user31', '2009-09-04', 'This is Estado update number 0 by user31');
insert into Estado values ('user31', '2009-09-06', 'This is Estado update number 1 by user31');
insert into Estado values ('user32', '2009-09-01', 'This is Estado update number 0 by user32');
insert into Estado values ('user32', '2009-09-05', 'This is Estado update number 1 by user32');
insert into Estado values ('user33', '2009-09-06', 'This is Estado update number 0 by user33');
insert into Estado values ('user33', '2009-09-07', 'This is Estado update number 1 by user33');
insert into Estado values ('user34', '2009-09-10', 'This is Estado update number 0 by user34');
insert into Estado values ('user34', '2009-09-04', 'This is Estado update number 1 by user34');
insert into Estado values ('user35', '2009-09-02', 'This is Estado update number 0 by user35');
insert into Estado values ('user36', '2009-09-09', 'This is Estado update number 0 by user36');
insert into Estado values ('user36', '2009-09-03', 'This is Estado update number 1 by user36');
insert into Estado values ('user37', '2009-09-08', 'This is Estado update number 0 by user37');
insert into Estado values ('user37', '2009-09-03', 'This is Estado update number 1 by user37');
insert into Estado values ('user37', '2009-09-05', 'This is Estado update number 2 by user37');
insert into Estado values ('user38', '2009-09-10', 'This is Estado update number 0 by user38');
insert into Estado values ('user38', '2009-09-06', 'This is Estado update number 1 by user38');
insert into Estado values ('user39', '2009-09-07', 'This is Estado update number 0 by user39');
insert into Estado values ('user41', '2009-09-04', 'This is Estado update number 0 by user41');
insert into Estado values ('user41', '2009-09-09', 'This is Estado update number 1 by user41');
insert into Estado values ('user42', '2009-09-07', 'This is Estado update number 0 by user42');
insert into Estado values ('user42', '2009-09-09', 'This is Estado update number 1 by user42');
insert into Estado values ('user43', '2009-09-05', 'This is Estado update number 0 by user43');
insert into Estado values ('user43', '2009-09-09', 'This is Estado update number 1 by user43');
insert into Estado values ('user43', '2009-09-06', 'This is Estado update number 2 by user43');
insert into Estado values ('user44', '2009-09-05', 'This is Estado update number 0 by user44');
insert into Estado values ('user44', '2009-09-03', 'This is Estado update number 1 by user44');
insert into Estado values ('user45', '2009-09-11', 'This is Estado update number 0 by user45');
insert into Estado values ('user45', '2009-09-02', 'This is Estado update number 1 by user45');
insert into Estado values ('user46', '2009-09-07', 'This is Estado update number 0 by user46');
insert into Estado values ('user47', '2009-09-08', 'This is Estado update number 0 by user47');
insert into Estado values ('user47', '2009-09-03', 'This is Estado update number 1 by user47');
insert into Estado values ('user49', '2009-09-06', 'This is Estado update number 0 by user49');
insert into Estado values ('user49', '2009-09-05', 'This is Estado update number 1 by user49');
insert into Estado values ('user49', '2009-09-04', 'This is Estado update number 2 by user49');
insert into Estado values ('user50', '2009-09-06', 'This is Estado update number 0 by user50');
insert into Estado values ('user50', '2009-09-02', 'This is Estado update number 1 by user50');
insert into Estado values ('user51', '2009-09-01', 'This is Estado update number 0 by user51');
insert into Estado values ('user51', '2009-09-06', 'This is Estado update number 1 by user51');
insert into Estado values ('user52', '2009-09-06', 'This is Estado update number 0 by user52');
insert into Estado values ('user52', '2009-09-10', 'This is Estado update number 1 by user52');
insert into Estado values ('user53', '2009-09-04', 'This is Estado update number 0 by user53');
insert into Estado values ('user53', '2009-09-02', 'This is Estado update number 1 by user53');
insert into Estado values ('user54', '2009-09-03', 'This is Estado update number 0 by user54');
insert into Estado values ('user54', '2009-09-09', 'This is Estado update number 1 by user54');
insert into Estado values ('user55', '2009-09-11', 'This is Estado update number 0 by user55');
insert into Estado values ('user55', '2009-09-08', 'This is Estado update number 1 by user55');
insert into Estado values ('user55', '2009-09-05', 'This is Estado update number 2 by user55');
insert into Estado values ('user56', '2009-09-04', 'This is Estado update number 0 by user56');
insert into Estado values ('user56', '2009-09-05', 'This is Estado update number 1 by user56');
insert into Estado values ('user57', '2009-09-07', 'This is Estado update number 0 by user57');
insert into Estado values ('user57', '2009-09-08', 'This is Estado update number 1 by user57');
insert into Estado values ('user58', '2009-09-05', 'This is Estado update number 0 by user58');
insert into Estado values ('user58', '2009-09-02', 'This is Estado update number 1 by user58');
insert into Estado values ('user58', '2009-09-03', 'This is Estado update number 2 by user58');
insert into Estado values ('user59', '2009-09-10', 'This is Estado update number 0 by user59');
insert into Estado values ('user59', '2009-09-09', 'This is Estado update number 1 by user59');
insert into Estado values ('user59', '2009-09-01', 'This is Estado update number 2 by user59');
insert into Estado values ('user60', '2009-09-05', 'This is Estado update number 0 by user60');
insert into Estado values ('user60', '2009-09-04', 'This is Estado update number 1 by user60');
insert into Estado values ('user61', '2009-09-06', 'This is Estado update number 0 by user61');
insert into Estado values ('user62', '2009-09-02', 'This is Estado update number 0 by user62');
insert into Estado values ('user62', '2009-09-03', 'This is Estado update number 1 by user62');
insert into Estado values ('user63', '2009-09-08', 'This is Estado update number 0 by user63');
insert into Estado values ('user63', '2009-09-09', 'This is Estado update number 1 by user63');
insert into Estado values ('user64', '2009-09-09', 'This is Estado update number 0 by user64');
insert into Estado values ('user64', '2009-09-11', 'This is Estado update number 1 by user64');
insert into Estado values ('user65', '2009-09-05', 'This is Estado update number 0 by user65');
insert into Estado values ('user65', '2009-09-03', 'This is Estado update number 1 by user65');
insert into Estado values ('user65', '2009-09-10', 'This is Estado update number 2 by user65');
insert into Estado values ('user66', '2009-09-06', 'This is Estado update number 0 by user66');
insert into Estado values ('user66', '2009-09-08', 'This is Estado update number 1 by user66');
insert into Estado values ('user67', '2009-09-06', 'This is Estado update number 0 by user67');
insert into Estado values ('user68', '2009-09-07', 'This is Estado update number 0 by user68');
insert into Estado values ('user68', '2009-09-04', 'This is Estado update number 1 by user68');
insert into Estado values ('user68', '2009-09-10', 'This is Estado update number 2 by user68');
insert into Estado values ('user69', '2009-09-03', 'This is Estado update number 0 by user69');
insert into Estado values ('user69', '2009-09-01', 'This is Estado update number 1 by user69');
insert into Estado values ('user72', '2009-09-05', 'This is Estado update number 0 by user72');
insert into Estado values ('user72', '2009-09-07', 'This is Estado update number 1 by user72');
insert into Estado values ('user72', '2009-09-10', 'This is Estado update number 2 by user72');
insert into Estado values ('user73', '2009-09-08', 'This is Estado update number 0 by user73');
insert into Estado values ('user73', '2009-09-09', 'This is Estado update number 1 by user73');
insert into Estado values ('user73', '2009-09-07', 'This is Estado update number 2 by user73');
insert into Estado values ('user74', '2009-09-02', 'This is Estado update number 0 by user74');
insert into Estado values ('user74', '2009-09-11', 'This is Estado update number 1 by user74');
insert into Estado values ('user75', '2009-09-03', 'This is Estado update number 0 by user75');
insert into Estado values ('user75', '2009-09-09', 'This is Estado update number 1 by user75');
insert into Estado values ('user75', '2009-09-06', 'This is Estado update number 2 by user75');
insert into Estado values ('user76', '2009-09-08', 'This is Estado update number 0 by user76');
insert into Estado values ('user76', '2009-09-03', 'This is Estado update number 1 by user76');
insert into Estado values ('user77', '2009-09-05', 'This is Estado update number 0 by user77');
insert into Estado values ('user77', '2009-09-09', 'This is Estado update number 1 by user77');
insert into Estado values ('user77', '2009-09-06', 'This is Estado update number 2 by user77');
insert into Estado values ('user78', '2009-09-11', 'This is Estado update number 0 by user78');
insert into Estado values ('user78', '2009-09-09', 'This is Estado update number 1 by user78');
insert into Estado values ('user79', '2009-09-08', 'This is Estado update number 0 by user79');
insert into Estado values ('user79', '2009-09-03', 'This is Estado update number 1 by user79');
insert into Estado values ('user80', '2009-09-11', 'This is Estado update number 0 by user80');
insert into Estado values ('user80', '2009-09-07', 'This is Estado update number 1 by user80');
insert into Estado values ('user80', '2009-09-06', 'This is Estado update number 2 by user80');
insert into Estado values ('user81', '2009-09-02', 'This is Estado update number 0 by user81');
insert into Estado values ('user82', '2009-09-02', 'This is Estado update number 0 by user82');
insert into Estado values ('user82', '2009-09-10', 'This is Estado update number 1 by user82');
insert into Estado values ('user82', '2009-09-08', 'This is Estado update number 2 by user82');
insert into Estado values ('user84', '2009-09-05', 'This is Estado update number 0 by user84');
insert into Estado values ('user85', '2009-09-09', 'This is Estado update number 0 by user85');
insert into Estado values ('user85', '2009-09-07', 'This is Estado update number 1 by user85');
insert into Estado values ('user86', '2009-09-06', 'This is Estado update number 0 by user86');
insert into Estado values ('user86', '2009-09-08', 'This is Estado update number 1 by user86');
insert into Estado values ('user88', '2009-09-02', 'This is Estado update number 0 by user88');
insert into Estado values ('user88', '2009-09-08', 'This is Estado update number 1 by user88');
insert into Estado values ('user89', '2009-09-04', 'This is Estado update number 0 by user89');
insert into Estado values ('user89', '2009-09-09', 'This is Estado update number 1 by user89');
insert into Estado values ('user89', '2009-09-02', 'This is Estado update number 2 by user89');
insert into Estado values ('user90', '2009-09-03', 'This is Estado update number 0 by user90');
insert into Estado values ('user90', '2009-09-09', 'This is Estado update number 1 by user90');
insert into Estado values ('user92', '2009-09-03', 'This is Estado update number 0 by user92');
insert into Estado values ('user92', '2009-09-10', 'This is Estado update number 1 by user92');
insert into Estado values ('user93', '2009-09-06', 'This is Estado update number 0 by user93');
insert into Estado values ('user93', '2009-09-04', 'This is Estado update number 1 by user93');
insert into Estado values ('user94', '2009-09-11', 'This is Estado update number 0 by user94');
insert into Estado values ('user94', '2009-09-03', 'This is Estado update number 1 by user94');
insert into Estado values ('user94', '2009-09-01', 'This is Estado update number 2 by user94');
insert into Estado values ('user95', '2009-09-06', 'This is Estado update number 0 by user95');
insert into Estado values ('user95', '2009-09-10', 'This is Estado update number 1 by user95');
insert into Estado values ('user95', '2009-09-02', 'This is Estado update number 2 by user95');
insert into Estado values ('user96', '2009-09-10', 'This is Estado update number 0 by user96');
insert into Estado values ('user96', '2009-09-09', 'This is Estado update number 1 by user96');
insert into Estado values ('user97', '2009-09-01', 'This is Estado update number 0 by user97');
insert into Estado values ('user97', '2009-09-09', 'This is Estado update number 1 by user97');
insert into Estado values ('user98', '2009-09-06', 'This is Estado update number 0 by user98');
insert into Estado values ('user98', '2009-09-05', 'This is Estado update number 1 by user98');
insert into Estado values ('user98', '2009-09-04', 'This is Estado update number 2 by user98');
insert into Estado values ('user99', '2009-09-06', 'This is Estado update number 0 by user99');
insert into Estado values ('user100', '2009-09-05', 'This is Estado update number 0 by user100');
insert into Estado values ('user100', '2009-09-03', 'This is Estado update number 1 by user100');
insert into Estado values ('user100', '2009-09-08', 'This is Estado update number 2 by user100');
insert into Estado values ('user101', '2009-09-11', 'This is Estado update number 0 by user101');
insert into Estado values ('user101', '2009-09-10', 'This is Estado update number 1 by user101');
insert into Estado values ('user102', '2009-09-06', 'This is Estado update number 0 by user102');
insert into Estado values ('user102', '2009-09-03', 'This is Estado update number 1 by user102');
insert into Estado values ('user103', '2009-09-08', 'This is Estado update number 0 by user103');
insert into Estado values ('user103', '2009-09-10', 'This is Estado update number 1 by user103');
insert into Estado values ('user104', '2009-09-05', 'This is Estado update number 0 by user104');
insert into Estado values ('user104', '2009-09-10', 'This is Estado update number 1 by user104');
insert into Estado values ('user105', '2009-09-10', 'This is Estado update number 0 by user105');
insert into Estado values ('user105', '2009-09-09', 'This is Estado update number 1 by user105');
insert into Estado values ('user105', '2009-09-05', 'This is Estado update number 2 by user105');
insert into Estado values ('user106', '2009-09-02', 'This is Estado update number 0 by user106');
insert into Estado values ('user106', '2009-09-10', 'This is Estado update number 1 by user106');
insert into Estado values ('user107', '2009-09-11', 'This is Estado update number 0 by user107');
insert into Estado values ('user108', '2009-09-03', 'This is Estado update number 0 by user108');
insert into Estado values ('user108', '2009-09-09', 'This is Estado update number 1 by user108');
insert into Estado values ('user109', '2009-09-05', 'This is Estado update number 0 by user109');
insert into Estado values ('user109', '2009-09-04', 'This is Estado update number 1 by user109');
insert into Estado values ('user111', '2009-09-03', 'This is Estado update number 0 by user111');
insert into Estado values ('user111', '2009-09-06', 'This is Estado update number 1 by user111');
insert into Estado values ('user111', '2009-09-11', 'This is Estado update number 2 by user111');
insert into Estado values ('user112', '2009-09-07', 'This is Estado update number 0 by user112');
insert into Estado values ('user112', '2009-09-01', 'This is Estado update number 1 by user112');
insert into Estado values ('user113', '2009-09-08', 'This is Estado update number 0 by user113');
insert into Estado values ('user113', '2009-09-02', 'This is Estado update number 1 by user113');
insert into Estado values ('user114', '2009-09-11', 'This is Estado update number 0 by user114');
insert into Estado values ('user115', '2009-09-06', 'This is Estado update number 0 by user115');
insert into Estado values ('user115', '2009-09-05', 'This is Estado update number 1 by user115');
insert into Estado values ('user116', '2009-09-06', 'This is Estado update number 0 by user116');
insert into Estado values ('user116', '2009-09-04', 'This is Estado update number 1 by user116');
insert into Estado values ('user117', '2009-09-02', 'This is Estado update number 0 by user117');
insert into Estado values ('user118', '2009-09-07', 'This is Estado update number 0 by user118');
insert into Estado values ('user118', '2009-09-05', 'This is Estado update number 1 by user118');
insert into Estado values ('user118', '2009-09-09', 'This is Estado update number 2 by user118');
insert into Estado values ('user119', '2009-09-02', 'This is Estado update number 0 by user119');
insert into Estado values ('user119', '2009-09-10', 'This is Estado update number 1 by user119');
insert into Estado values ('user120', '2009-09-10', 'This is Estado update number 0 by user120');
insert into Estado values ('user120', '2009-09-02', 'This is Estado update number 1 by user120');
insert into Estado values ('user121', '2009-09-10', 'This is Estado update number 0 by user121');
insert into Estado values ('user122', '2009-09-07', 'This is Estado update number 0 by user122');
insert into Estado values ('user122', '2009-09-08', 'This is Estado update number 1 by user122');
insert into Estado values ('user122', '2009-09-01', 'This is Estado update number 2 by user122');
insert into Estado values ('user123', '2009-09-09', 'This is Estado update number 0 by user123');
insert into Estado values ('user123', '2009-09-10', 'This is Estado update number 1 by user123');
insert into Estado values ('user124', '2009-09-05', 'This is Estado update number 0 by user124');
insert into Estado values ('user124', '2009-09-04', 'This is Estado update number 1 by user124');
insert into Estado values ('user124', '2009-09-09', 'This is Estado update number 2 by user124');
insert into Estado values ('user125', '2009-09-08', 'This is Estado update number 0 by user125');
insert into Estado values ('user125', '2009-09-04', 'This is Estado update number 1 by user125');
insert into Estado values ('user125', '2009-09-03', 'This is Estado update number 2 by user125');
insert into Estado values ('user126', '2009-09-07', 'This is Estado update number 0 by user126');
insert into Estado values ('user127', '2009-09-06', 'This is Estado update number 0 by user127');
insert into Estado values ('user127', '2009-09-09', 'This is Estado update number 1 by user127');
insert into Estado values ('user127', '2009-09-02', 'This is Estado update number 2 by user127');
insert into Estado values ('user128', '2009-09-06', 'This is Estado update number 0 by user128');
insert into Estado values ('user128', '2009-09-08', 'This is Estado update number 1 by user128');
insert into Estado values ('user128', '2009-09-03', 'This is Estado update number 2 by user128');
insert into Estado values ('user129', '2009-09-11', 'This is Estado update number 0 by user129');
insert into Estado values ('user129', '2009-09-10', 'This is Estado update number 1 by user129');
insert into Estado values ('user130', '2009-09-05', 'This is Estado update number 0 by user130');
insert into Estado values ('user130', '2009-09-03', 'This is Estado update number 1 by user130');
insert into Estado values ('user130', '2009-09-06', 'This is Estado update number 2 by user130');
insert into Estado values ('user131', '2009-09-06', 'This is Estado update number 0 by user131');
insert into Estado values ('user131', '2009-09-10', 'This is Estado update number 1 by user131');
insert into Estado values ('user132', '2009-09-02', 'This is Estado update number 0 by user132');
insert into Estado values ('user132', '2009-09-03', 'This is Estado update number 1 by user132');
insert into Estado values ('user133', '2009-09-06', 'This is Estado update number 0 by user133');
insert into Estado values ('user133', '2009-09-07', 'This is Estado update number 1 by user133');
insert into Estado values ('user133', '2009-09-08', 'This is Estado update number 2 by user133');
insert into Estado values ('user134', '2009-09-02', 'This is Estado update number 0 by user134');
insert into Estado values ('user134', '2009-09-08', 'This is Estado update number 1 by user134');
insert into Estado values ('user134', '2009-09-10', 'This is Estado update number 2 by user134');
